Workbook

Sheet COMMANDE
A1: 1000002180 | C1: =IFERROR(VLOOKUP($A:$A,'[1]Liste clients clef'!$A:$B,2,FALSE),"") -> MUDRY, KATELYN | G1: =IFERROR(VLOOKUP($A$1,'[1]Liste clients clef'!$A:$BD,48,FALSE),"") -> 1 | J1: =IFERROR(VLOOKUP($A$1,'[1]Liste clients clef'!$A:$AQ,15,FALSE),"") -> CLEF | K1: SENT ORDER TO: | P1: ORDRE
A2: CODE | B2: 1 | C2: DESCRIPTION | D2: CODE UPC | E2: FORMAT | F2: FORMAT SOLD | G2: $ UNIT | H2: =SUM(H3:H500) -> 450.65 | J2: CS DISCOUNT | K2: =IF(J1="QCON","commandes@quebeccontact.ca",IF(J1="NAT","nlevesque@clefdeschamps.net",IF(J1="LIN","lbrosseau@clefdeschamps.net",IF(J1="DROC","orders@clefdeschamps.net","client@clefdeschamps.net")))) -> client@clefdeschamps.net | M2: 1-A | P2: 1
A3: 220-50 | C3: =IFERROR(VLOOKUP($A:$A,[2]liste!$A:$ZZ,24,FALSE),"") -> BRONCHIX organic | D3: =VLOOKUP(A:A,[2]liste!$A:$AG,33,FALSE) -> 697026182201 | E3: =VLOOKUP($A:$A,[3]SPECS!$A:$AW,22,FALSE) -> 50 ML | F3: =VLOOKUP(A:A,[3]SPECS!$A:$AF,27,FALSE) -> UNIT | G3: =IFERROR(VLOOKUP(A3,'[4]AVA20'!$A:$ZZ,(MATCH($G$1,'[4]AVA20'!$2:$2,0)),FALSE),0) -> 15.25 | H3: =B3*G3*(1-(J3+K3)) -> 0 | J3: =IF(LEFT(M3,3)="4-T",0,IF(LEFT(M3,3)="3-P",0,IF(LEFT(M3,3)="7-T",0,IF(B3=6,0.075,IF(B3=12,0.075,IF(B3=18,0.075,IF(B3=24,0.075,0))))))) -> 0 | M3: =IFERROR(VLOOKUP($A:$A,[2]liste!$A:$Z,5,FALSE),"") -> 1-SUPPLEMENT | N3: =IFERROR(VLOOKUP($A:$A,[2]liste!$A:$Z,6,FALSE),"") -> 1-TEINT MX | P3: =IFERROR(VLOOKUP($A:$A,[5]RÉSUMÉ!$A:$E,5,FALSE),"") -> 3063
A4: 221-50 | C4: =IFERROR(VLOOKUP($A:$A,[2]liste!$A:$ZZ,24,FALSE),"") -> CALMIX organic | D4: =VLOOKUP(A:A,[2]liste!$A:$AG,33,FALSE) -> 697026182218 | E4: =VLOOKUP($A:$A,[3]SPECS!$A:$AW,22,FALSE) -> 50 ML | F4: =VLOOKUP(A:A,[3]SPECS!$A:$AF,27,FALSE) -> UNIT | G4: =IFERROR(VLOOKUP(A4,'[4]AVA20'!$A:$ZZ,(MATCH($G$1,'[4]AVA20'!$2:$2,0)),FALSE),0) -> 15.25 | H4: =B4*G4*(1-(J4+K4)) -> 0 | J4: =IF(LEFT(M4,3)="4-T",0,IF(LEFT(M4,3)="3-P",0,IF(LEFT(M4,3)="7-T",0,IF(B4=6,0.075,IF(B4=12,0.075,IF(B4=18,0.075,IF(B4=24,0.075,0))))))) -> 0 | M4: =IFERROR(VLOOKUP($A:$A,[2]liste!$A:$Z,5,FALSE),"") -> 1-SUPPLEMENT | N4: =IFERROR(VLOOKUP($A:$A,[2]liste!$A:$Z,6,FALSE),"") -> 1-TEINT MX | P4: =IFERROR(VLOOKUP($A:$A,[5]RÉSUMÉ!$A:$E,5,FALSE),"") -> 3064
A5: 232-50 | C5: =IFERROR(VLOOKUP($A:$A,[2]liste!$A:$ZZ,24,FALSE),"") -> DEPURATIX organic | D5: =VLOOKUP(A:A,[2]liste!$A:$AG,33,FALSE) -> 697026182324 | E5: =VLOOKUP($A:$A,[3]SPECS!$A:$AW,22,FALSE) -> 50 ML | F5: =VLOOKUP(A:A,[3]SPECS!$A:$AF,27,FALSE) -> UNIT | G5: =IFERROR(VLOOKUP(A5,'[4]AVA20'!$A:$ZZ,(MATCH($G$1,'[4]AVA20'!$2:$2,0)),FALSE),0) -> 15.25 | H5: =B5*G5*(1-(J5+K5)) -> 0 | J5: =IF(LEFT(M5,3)="4-T",0,IF(LEFT(M5,3)="3-P",0,IF(LEFT(M5,3)="7-T",0,IF(B5=6,0.075,IF(B5=12,0.075,IF(B5=18,0.075,IF(B5=24,0.075,0))))))) -> 0 | M5: =IFERROR(VLOOKUP($A:$A,[2]liste!$A:$Z,5,FALSE),"") -> 1-SUPPLEMENT | N5: =IFERROR(VLOOKUP($A:$A,[2]liste!$A:$Z,6,FALSE),"") -> 1-TEINT MX | P5: =IFERROR(VLOOKUP($A:$A,[5]RÉSUMÉ!$A:$E,5,FALSE),"") -> 3065
A6: 234-50 | C6: =IFERROR(VLOOKUP($A:$A,[2]liste!$A:$ZZ,24,FALSE),"") -> DRASTIX organic | D6: =VLOOKUP(A:A,[2]liste!$A:$AG,33,FALSE) -> 697026192347 | E6: =VLOOKUP($A:$A,[3]SPECS!$A:$AW,22,FALSE) -> 50 ML | F6: =VLOOKUP(A:A,[3]SPECS!$A:$AF,27,FALSE) -> UNIT | G6: =IFERROR(VLOOKUP(A6,'[4]AVA20'!$A:$ZZ,(MATCH($G$1,'[4]AVA20'!$2:$2,0)),FALSE),0) -> 16.5 | H6: =B6*G6*(1-(J6+K6)) -> 0 | J6: =IF(LEFT(M6,3)="4-T",0,IF(LEFT(M6,3)="3-P",0,IF(LEFT(M6,3)="7-T",0,IF(B6=6,0.075,IF(B6=12,0.075,IF(B6=18,0.075,IF(B6=24,0.075,0))))))) -> 0 | M6: =IFERROR(VLOOKUP($A:$A,[2]liste!$A:$Z,5,FALSE),"") -> 1-SUPPLEMENT | N6: =IFERROR(VLOOKUP($A:$A,[2]liste!$A:$Z,6,FALSE),"") -> 1-TEINT MX | P6: =IFERROR(VLOOKUP($A:$A,[5]RÉSUMÉ!$A:$E,5,FALSE),"") -> 3066
A7: 223-50 | C7: =IFERROR(VLOOKUP($A:$A,[2]liste!$A:$ZZ,24,FALSE),"") -> ESTOMIX organic | D7: =VLOOKUP(A:A,[2]liste!$A:$AG,33,FALSE) -> 697026182232 | E7: =VLOOKUP($A:$A,[3]SPECS!$A:$AW,22,FALSE) -> 50 ML | F7: =VLOOKUP(A:A,[3]SPECS!$A:$AF,27,FALSE) -> UNIT | G7: =IFERROR(VLOOKUP(A7,'[4]AVA20'!$A:$ZZ,(MATCH($G$1,'[4]AVA20'!$2:$2,0)),FALSE),0) -> 15.25 | H7: =B7*G7*(1-(J7+K7)) -> 0 | J7: =IF(LEFT(M7,3)="4-T",0,IF(LEFT(M7,3)="3-P",0,IF(LEFT(M7,3)="7-T",0,IF(B7=6,0.075,IF(B7=12,0.075,IF(B7=18,0.075,IF(B7=24,0.075,0))))))) -> 0 | M7: =IFERROR(VLOOKUP($A:$A,[2]liste!$A:$Z,5,FALSE),"") -> 1-SUPPLEMENT | N7: =IFERROR(VLOOKUP($A:$A,[2]liste!$A:$Z,6,FALSE),"") -> 1-TEINT MX | P7: =IFERROR(VLOOKUP($A:$A,[5]RÉSUMÉ!$A:$E,5,FALSE),"") -> 3067
A8: 233-50 | C8: =IFERROR(VLOOKUP($A:$A,[2]liste!$A:$ZZ,24,FALSE),"") -> GINGIVIX organic | D8: =VLOOKUP(A:A,[2]liste!$A:$AG,33,FALSE) -> 697026182331 | E8: =VLOOKUP($A:$A,[3]SPECS!$A:$AW,22,FALSE) -> 50 ML | F8: =VLOOKUP(A:A,[3]SPECS!$A:$AF,27,FALSE) -> UNIT | G8: =IFERROR(VLOOKUP(A8,'[4]AVA20'!$A:$ZZ,(MATCH($G$1,'[4]AVA20'!$2:$2,0)),FALSE),0) -> 15.25 | H8: =B8*G8*(1-(J8+K8)) -> 0 | J8: =IF(LEFT(M8,3)="4-T",0,IF(LEFT(M8,3)="3-P",0,IF(LEFT(M8,3)="7-T",0,IF(B8=6,0.075,IF(B8=12,0.075,IF(B8=18,0.075,IF(B8=24,0.075,0))))))) -> 0 | M8: =IFERROR(VLOOKUP($A:$A,[2]liste!$A:$Z,5,FALSE),"") -> 1-SUPPLEMENT | N8: =IFERROR(VLOOKUP($A:$A,[2]liste!$A:$Z,6,FALSE),"") -> 1-TEINT MX | P8: =IFERROR(VLOOKUP($A:$A,[5]RÉSUMÉ!$A:$E,5,FALSE),"") -> 3068
A9: 224-50 | C9: =IFERROR(VLOOKUP($A:$A,[2]liste!$A:$ZZ,24,FALSE),"") -> HEPATIX organic | D9: =VLOOKUP(A:A,[2]liste!$A:$AG,33,FALSE) -> 697026182249 | E9: =VLOOKUP($A:$A,[3]SPECS!$A:$AW,22,FALSE) -> 50 ML | F9: =VLOOKUP(A:A,[3]SPECS!$A:$AF,27,FALSE) -> UNIT | G9: =IFERROR(VLOOKUP(A9,'[4]AVA20'!$A:$ZZ,(MATCH($G$1,'[4]AVA20'!$2:$2,0)),FALSE),0) -> 15.25 | H9: =B9*G9*(1-(J9+K9)) -> 0 | J9: =IF(LEFT(M9,3)="4-T",0,IF(LEFT(M9,3)="3-P",0,IF(LEFT(M9,3)="7-T",0,IF(B9=6,0.075,IF(B9=12,0.075,IF(B9=18,0.075,IF(B9=24,0.075,0))))))) -> 0 | M9: =IFERROR(VLOOKUP($A:$A,[2]liste!$A:$Z,5,FALSE),"") -> 1-SUPPLEMENT | N9: =IFERROR(VLOOKUP($A:$A,[2]liste!$A:$Z,6,FALSE),"") -> 1-TEINT MX | P9: =IFERROR(VLOOKUP($A:$A,[5]RÉSUMÉ!$A:$E,5,FALSE),"") -> 3069
A10: 225-50 | C10: =IFERROR(VLOOKUP($A:$A,[2]liste!$A:$ZZ,24,FALSE),"") -> HORMONIX organic | D10: =VLOOKUP(A:A,[2]liste!$A:$AG,33,FALSE) -> 697026182256 | E10: =VLOOKUP($A:$A,[3]SPECS!$A:$AW,22,FALSE) -> 50 ML | F10: =VLOOKUP(A:A,[3]SPECS!$A:$AF,27,FALSE) -> UNIT | G10: =IFERROR(VLOOKUP(A10,'[4]AVA20'!$A:$ZZ,(MATCH($G$1,'[4]AVA20'!$2:$2,0)),FALSE),0) -> 15.25 | H10: =B10*G10*(1-(J10+K10)) -> 0 | J10: =IF(LEFT(M10,3)="4-T",0,IF(LEFT(M10,3)="3-P",0,IF(LEFT(M10,3)="7-T",0,IF(B10=6,0.075,IF(B10=12,0.075,IF(B10=18,0.075,IF(B10=24,0.075,0))))))) -> 0 | M10: =IFERROR(VLOOKUP($A:$A,[2]liste!$A:$Z,5,FALSE),"") -> 1-SUPPLEMENT | N10: =IFERROR(VLOOKUP($A:$A,[2]liste!$A:$Z,6,FALSE),"") -> 1-TEINT MX | P10: =IFERROR(VLOOKUP($A:$A,[5]RÉSUMÉ!$A:$E,5,FALSE),"") -> 3070
A11: 226-50 | C11: =IFERROR(VLOOKUP($A:$A,[2]liste!$A:$ZZ,24,FALSE),"") -> INFECTIX organic | D11: =VLOOKUP(A:A,[2]liste!$A:$AG,33,FALSE) -> 697026182263 | E11: =VLOOKUP($A:$A,[3]SPECS!$A:$AW,22,FALSE) -> 50 ML | F11: =VLOOKUP(A:A,[3]SPECS!$A:$AF,27,FALSE) -> UNIT | G11: =IFERROR(VLOOKUP(A11,'[4]AVA20'!$A:$ZZ,(MATCH($G$1,'[4]AVA20'!$2:$2,0)),FALSE),0) -> 15.25 | H11: =B11*G11*(1-(J11+K11)) -> 0 | J11: =IF(LEFT(M11,3)="4-T",0,IF(LEFT(M11,3)="3-P",0,IF(LEFT(M11,3)="7-T",0,IF(B11=6,0.075,IF(B11=12,0.075,IF(B11=18,0.075,IF(B11=24,0.075,0))))))) -> 0 | M11: =IFERROR(VLOOKUP($A:$A,[2]liste!$A:$Z,5,FALSE),"") -> 1-SUPPLEMENT | N11: =IFERROR(VLOOKUP($A:$A,[2]liste!$A:$Z,6,FALSE),"") -> 1-TEINT MX | P11: =IFERROR(VLOOKUP($A:$A,[5]RÉSUMÉ!$A:$E,5,FALSE),"") -> 3071
A12: 231-50 | C12: =IFERROR(VLOOKUP($A:$A,[2]liste!$A:$ZZ,24,FALSE),"") -> MAMABOOST organic | D12: =VLOOKUP(A:A,[2]liste!$A:$AG,33,FALSE) -> 697026182317 | E12: =VLOOKUP($A:$A,[3]SPECS!$A:$AW,22,FALSE) -> 50 ML | F12: =VLOOKUP(A:A,[3]SPECS!$A:$AF,27,FALSE) -> UNIT | G12: =IFERROR(VLOOKUP(A12,'[4]AVA20'!$A:$ZZ,(MATCH($G$1,'[4]AVA20'!$2:$2,0)),FALSE),0) -> 15.25 | H12: =B12*G12*(1-(J12+K12)) -> 0 | J12: =IF(LEFT(M12,3)="4-T",0,IF(LEFT(M12,3)="3-P",0,IF(LEFT(M12,3)="7-T",0,IF(B12=6,0.075,IF(B12=12,0.075,IF(B12=18,0.075,IF(B12=24,0.075,0))))))) -> 0 | M12: =IFERROR(VLOOKUP($A:$A,[2]liste!$A:$Z,5,FALSE),"") -> 1-SUPPLEMENT | N12: =IFERROR(VLOOKUP($A:$A,[2]liste!$A:$Z,6,FALSE),"") -> 1-TEINT MX | P12: =IFERROR(VLOOKUP($A:$A,[5]RÉSUMÉ!$A:$E,5,FALSE),"") -> 3072
A13: 243-50 | C13: =IFERROR(VLOOKUP($A:$A,[2]liste!$A:$ZZ,24,FALSE),"") -> MENOPAUSIX organic | D13: =VLOOKUP(A:A,[2]liste!$A:$AG,33,FALSE) -> 697026182430 | E13: =VLOOKUP($A:$A,[3]SPECS!$A:$AW,22,FALSE) -> 50 ML | F13: =VLOOKUP(A:A,[3]SPECS!$A:$AF,27,FALSE) -> UNIT | G13: =IFERROR(VLOOKUP(A13,'[4]AVA20'!$A:$ZZ,(MATCH($G$1,'[4]AVA20'!$2:$2,0)),FALSE),0) -> 15.25 | H13: =B13*G13*(1-(J13+K13)) -> 0 | J13: =IF(LEFT(M13,3)="4-T",0,IF(LEFT(M13,3)="3-P",0,IF(LEFT(M13,3)="7-T",0,IF(B13=6,0.075,IF(B13=12,0.075,IF(B13=18,0.075,IF(B13=24,0.075,0))))))) -> 0 | M13: =IFERROR(VLOOKUP($A:$A,[2]liste!$A:$Z,5,FALSE),"") -> 1-SUPPLEMENT | N13: =IFERROR(VLOOKUP($A:$A,[2]liste!$A:$Z,6,FALSE),"") -> 1-TEINT MX | P13: =IFERROR(VLOOKUP($A:$A,[5]RÉSUMÉ!$A:$E,5,FALSE),"") -> 3073
A14: 227-50 | C14: =IFERROR(VLOOKUP($A:$A,[2]liste!$A:$ZZ,24,FALSE),"") -> MENSTRUIX organic | D14: =VLOOKUP(A:A,[2]liste!$A:$AG,33,FALSE) -> 697026182270 | E14: =VLOOKUP($A:$A,[3]SPECS!$A:$AW,22,FALSE) -> 50 ML | F14: =VLOOKUP(A:A,[3]SPECS!$A:$AF,27,FALSE) -> UNIT | G14: =IFERROR(VLOOKUP(A14,'[4]AVA20'!$A:$ZZ,(MATCH($G$1,'[4]AVA20'!$2:$2,0)),FALSE),0) -> 15.25 | H14: =B14*G14*(1-(J14+K14)) -> 0 | J14: =IF(LEFT(M14,3)="4-T",0,IF(LEFT(M14,3)="3-P",0,IF(LEFT(M14,3)="7-T",0,IF(B14=6,0.075,IF(B14=12,0.075,IF(B14=18,0.075,IF(B14=24,0.075,0))))))) -> 0 | M14: =IFERROR(VLOOKUP($A:$A,[2]liste!$A:$Z,5,FALSE),"") -> 1-SUPPLEMENT | N14: =IFERROR(VLOOKUP($A:$A,[2]liste!$A:$Z,6,FALSE),"") -> 1-TEINT MX | P14: =IFERROR(VLOOKUP($A:$A,[5]RÉSUMÉ!$A:$E,5,FALSE),"") -> 3074
... A83: 102-50 | C83: =IFERROR(VLOOKUP($A:$A,[2]liste!$A:$ZZ,24,FALSE),"") -> CHASTE TREE Tincture organic | D83: =VLOOKUP(A:A,[2]liste!$A:$AG,33,FALSE) -> 697026131025 | E83: =VLOOKUP($A:$A,[3]SPECS!$A:$AW,22,FALSE) -> 50 ML | F83: =VLOOKUP(A:A,[3]SPECS!$A:$AF,27,FALSE) -> UNIT | G83: =IFERROR(VLOOKUP(A83,'[4]AVA20'!$A:$ZZ,(MATCH($G$1,'[4]AVA20'!$2:$2,0)),FALSE),0) -> 9.75 | H83: =B83*G83*(1-(J83+K83)) -> 0 | J83: =IF(LEFT(M83,3)="4-T",0,IF(LEFT(M83,3)="3-P",0,IF(LEFT(M83,3)="7-T",0,IF(B83=6,0.075,IF(B83=12,0.075,IF(B83=18,0.075,IF(B83=24,0.075,0))))))) -> 0 | M83: =IFERROR(VLOOKUP($A:$A,[2]liste!$A:$Z,5,FALSE),"") -> 1-SUPPLEMENT | N83: =IFERROR(VLOOKUP($A:$A,[2]liste!$A:$Z,6,FALSE),"") -> 1-TEINTURE | P83: =IFERROR(VLOOKUP($A:$A,[5]RÉSUMÉ!$A:$E,5,FALSE),"") -> 3062
A84: 110-100 | C84: =IFERROR(VLOOKUP($A:$A,[2]liste!$A:$ZZ,24,FALSE),"") -> YARROW Tincture organic | D84: =VLOOKUP(A:A,[2]liste!$A:$AG,33,FALSE) -> 697026231107 | E84: =VLOOKUP($A:$A,[3]SPECS!$A:$AW,22,FALSE) -> 100 ML | F84: =VLOOKUP(A:A,[3]SPECS!$A:$AF,27,FALSE) -> UNIT | G84: =VLOOKUP(A:A,'[4]AVA20'!$A:$C,3,FALSE) -> 21.75 | H84: =B84*G84*(1-(J84+K84)) -> 0 | J84: =IF(LEFT(N84,3)="4-T",0,IF(LEFT(N84,3)="3-P",0,IF(LEFT(N84,3)="7-T",0,IF(B84=6,0.075,IF(B84=12,0.075,IF(B84=18,0.075,IF(B84=24,0.075,0))))))) -> 0 | M84: =IFERROR(VLOOKUP($A:$A,[2]liste!$A:$Z,5,FALSE),"") -> 1-SUPPLEMENT | N84: =IFERROR(VLOOKUP($A:$A,[2]liste!$A:$Z,6,FALSE),"") -> 1-TEINTURE | P84: =IFERROR(VLOOKUP($A:$A,[5]RÉSUMÉ!$A:$E,5,FALSE),"") -> 302
A85: 128-100 | C85: =IFERROR(VLOOKUP($A:$A,[2]liste!$A:$ZZ,24,FALSE),"") -> ASHWAGANDHA Tincture organic | D85: =VLOOKUP(A:A,[2]liste!$A:$AG,33,FALSE) -> 697026231282 | E85: =VLOOKUP($A:$A,[3]SPECS!$A:$AW,22,FALSE) -> 100 ML | F85: =VLOOKUP(A:A,[3]SPECS!$A:$AF,27,FALSE) -> UNIT | G85: =VLOOKUP(A:A,'[4]AVA20'!$A:$C,3,FALSE) -> 25.5 | H85: =B85*G85*(1-(J85+K85)) -> 0 | J85: =IF(LEFT(N85,3)="4-T",0,IF(LEFT(N85,3)="3-P",0,IF(LEFT(N85,3)="7-T",0,IF(B85=6,0.075,IF(B85=12,0.075,IF(B85=18,0.075,IF(B85=24,0.075,0))))))) -> 0 | M85: =IFERROR(VLOOKUP($A:$A,[2]liste!$A:$Z,5,FALSE),"") -> 1-SUPPLEMENT | N85: =IFERROR(VLOOKUP($A:$A,[2]liste!$A:$Z,6,FALSE),"") -> 1-TEINTURE | P85: =IFERROR(VLOOKUP($A:$A,[5]RÉSUMÉ!$A:$E,5,FALSE),"") -> 301
A86: 190-100 | C86: =IFERROR(VLOOKUP($A:$A,[2]liste!$A:$ZZ,24,FALSE),"") -> ASTRAGALUS Tincture organic | D86: =VLOOKUP(A:A,[2]liste!$A:$AG,33,FALSE) -> 697026231909 | E86: =VLOOKUP($A:$A,[3]SPECS!$A:$AW,22,FALSE) -> 100 ML | F86: =VLOOKUP(A:A,[3]SPECS!$A:$AF,27,FALSE) -> UNIT | G86: =VLOOKUP(A:A,'[4]AVA20'!$A:$C,3,FALSE) -> 27 | H86: =B86*G86*(1-(J86+K86)) -> 0 | J86: =IF(LEFT(N86,3)="4-T",0,IF(LEFT(N86,3)="3-P",0,IF(LEFT(N86,3)="7-T",0,IF(B86=6,0.075,IF(B86=12,0.075,IF(B86=18,0.075,IF(B86=24,0.075,0))))))) -> 0 | M86: =IFERROR(VLOOKUP($A:$A,[2]liste!$A:$Z,5,FALSE),"") -> 1-SUPPLEMENT | N86: =IFERROR(VLOOKUP($A:$A,[2]liste!$A:$Z,6,FALSE),"") -> 1-TEINTURE | P86: =IFERROR(VLOOKUP($A:$A,[5]RÉSUMÉ!$A:$E,5,FALSE),"") -> 303
A87: 894-100 | C87: =IFERROR(VLOOKUP($A:$A,[2]liste!$A:$ZZ,24,FALSE),"") -> GREEN OATSTRAW Tincture organic | D87: =VLOOKUP(A:A,[2]liste!$A:$AG,33,FALSE) -> 697026238946 | E87: =VLOOKUP($A:$A,[3]SPECS!$A:$AW,22,FALSE) -> 100 ML | F87: =VLOOKUP(A:A,[3]SPECS!$A:$AF,27,FALSE) -> UNIT | G87: =VLOOKUP(A:A,'[4]AVA20'!$A:$C,3,FALSE) -> 20 | H87: =B87*G87*(1-(J87+K87)) -> 0 | J87: =IF(LEFT(N87,3)="4-T",0,IF(LEFT(N87,3)="3-P",0,IF(LEFT(N87,3)="7-T",0,IF(B87=6,0.075,IF(B87=12,0.075,IF(B87=18,0.075,IF(B87=24,0.075,0))))))) -> 0 | M87: =IFERROR(VLOOKUP($A:$A,[2]liste!$A:$Z,5,FALSE),"") -> 1-SUPPLEMENT | N87: =IFERROR(VLOOKUP($A:$A,[2]liste!$A:$Z,6,FALSE),"") -> 1-TEINTURE | P87: =IFERROR(VLOOKUP($A:$A,[5]RÉSUMÉ!$A:$E,5,FALSE),"") -> 304
A88: 174-100 | C88: =IFERROR(VLOOKUP($A:$A,[2]liste!$A:$ZZ,24,FALSE),"") -> BURDOCK Tincture organic | D88: =VLOOKUP(A:A,[2]liste!$A:$AG,33,FALSE) -> 697026231749 | E88: =VLOOKUP($A:$A,[3]SPECS!$A:$AW,22,FALSE) -> 100 ML | F88: =VLOOKUP(A:A,[3]SPECS!$A:$AF,27,FALSE) -> UNIT | G88: =VLOOKUP(A:A,'[4]AVA20'!$A:$C,3,FALSE) -> 23.25 | H88: =B88*G88*(1-(J88+K88)) -> 0 | J88: =IF(LEFT(N88,3)="4-T",0,IF(LEFT(N88,3)="3-P",0,IF(LEFT(N88,3)="7-T",0,IF(B88=6,0.075,IF(B88=12,0.075,IF(B88=18,0.075,IF(B88=24,0.075,0))))))) -> 0 | M88: =IFERROR(VLOOKUP($A:$A,[2]liste!$A:$Z,5,FALSE),"") -> 1-SUPPLEMENT | N88: =IFERROR(VLOOKUP($A:$A,[2]liste!$A:$Z,6,FALSE),"") -> 1-TEINTURE | P88: =IFERROR(VLOOKUP($A:$A,[5]RÉSUMÉ!$A:$E,5,FALSE),"") -> 305
A89: 161-100 | C89: =IFERROR(VLOOKUP($A:$A,[2]liste!$A:$ZZ,24,FALSE),"") -> HOLY BASIL Tincture organic | D89: =VLOOKUP(A:A,[2]liste!$A:$AG,33,FALSE) -> 697026231619 | E89: =VLOOKUP($A:$A,[3]SPECS!$A:$AW,22,FALSE) -> 100 ML | F89: =VLOOKUP(A:A,[3]SPECS!$A:$AF,27,FALSE) -> UNIT | G89: =VLOOKUP(A:A,'[4]AVA20'!$A:$C,3,FALSE) -> 22 | H89: =B89*G89*(1-(J89+K89)) -> 0 | J89: =IF(LEFT(N89,3)="4-T",0,IF(LEFT(N89,3)="3-P",0,IF(LEFT(N89,3)="7-T",0,IF(B89=6,0.075,IF(B89=12,0.075,IF(B89=18,0.075,IF(B89=24,0.075,0))))))) -> 0 | M89: =IFERROR(VLOOKUP($A:$A,[2]liste!$A:$Z,5,FALSE),"") -> 1-SUPPLEMENT | N89: =IFERROR(VLOOKUP($A:$A,[2]liste!$A:$Z,6,FALSE),"") -> 1-TEINTURE | P89: =IFERROR(VLOOKUP($A:$A,[5]RÉSUMÉ!$A:$E,5,FALSE),"") -> 306
A90: 109-100 | C90: =IFERROR(VLOOKUP($A:$A,[2]liste!$A:$ZZ,24,FALSE),"") -> CATNIP Tincture organic | D90: =VLOOKUP(A:A,[2]liste!$A:$AG,33,FALSE) -> 697026231091 | E90: =VLOOKUP($A:$A,[3]SPECS!$A:$AW,22,FALSE) -> 100 ML | F90: =VLOOKUP(A:A,[3]SPECS!$A:$AF,27,FALSE) -> UNIT | G90: =VLOOKUP(A:A,'[4]AVA20'!$A:$C,3,FALSE) -> 23.75 | H90: =B90*G90*(1-(J90+K90)) -> 0 | J90: =IF(LEFT(N90,3)="4-T",0,IF(LEFT(N90,3)="3-P",0,IF(LEFT(N90,3)="7-T",0,IF(B90=6,0.075,IF(B90=12,0.075,IF(B90=18,0.075,IF(B90=24,0.075,0))))))) -> 0 | M90: =IFERROR(VLOOKUP($A:$A,[2]liste!$A:$Z,5,FALSE),"") -> 1-SUPPLEMENT | N90: =IFERROR(VLOOKUP($A:$A,[2]liste!$A:$Z,6,FALSE),"") -> 1-TEINTURE | P90: =IFERROR(VLOOKUP($A:$A,[5]RÉSUMÉ!$A:$E,5,FALSE),"") -> 307
A91: 898-100 | C91: =IFERROR(VLOOKUP($A:$A,[2]liste!$A:$ZZ,24,FALSE),"") -> MILK THISTLE Tincture organic | D91: =VLOOKUP(A:A,[2]liste!$A:$AG,33,FALSE) -> 697026118989 | E91: =VLOOKUP($A:$A,[3]SPECS!$A:$AW,22,FALSE) -> 100 ML | F91: =VLOOKUP(A:A,[3]SPECS!$A:$AF,27,FALSE) -> UNIT | G91: =VLOOKUP(A:A,'[4]AVA20'!$A:$C,3,FALSE) -> 21 | H91: =B91*G91*(1-(J91+K91)) -> 0 | J91: =IF(LEFT(N91,3)="4-T",0,IF(LEFT(N91,3)="3-P",0,IF(LEFT(N91,3)="7-T",0,IF(B91=6,0.075,IF(B91=12,0.075,IF(B91=18,0.075,IF(B91=24,0.075,0))))))) -> 0 | M91: =IFERROR(VLOOKUP($A:$A,[2]liste!$A:$Z,5,FALSE),"") -> 1-SUPPLEMENT | N91: =IFERROR(VLOOKUP($A:$A,[2]liste!$A:$Z,6,FALSE),"") -> 1-TEINTURE | P91: =IFERROR(VLOOKUP($A:$A,[5]RÉSUMÉ!$A:$E,5,FALSE),"") -> 308
A92: 202-100 | C92: =IFERROR(VLOOKUP($A:$A,[2]liste!$A:$ZZ,24,FALSE),"") -> TURMERIC Tincture organic | D92: =VLOOKUP(A:A,[2]liste!$A:$AG,33,FALSE) -> 697026232029 | E92: =VLOOKUP($A:$A,[3]SPECS!$A:$AW,22,FALSE) -> 100 ML | F92: =VLOOKUP(A:A,[3]SPECS!$A:$AF,27,FALSE) -> UNIT | G92: =VLOOKUP(A:A,'[4]AVA20'!$A:$C,3,FALSE) -> 23.5 | H92: =B92*G92*(1-(J92+K92)) -> 0 | J92: =IF(LEFT(N92,3)="4-T",0,IF(LEFT(N92,3)="3-P",0,IF(LEFT(N92,3)="7-T",0,IF(B92=6,0.075,IF(B92=12,0.075,IF(B92=18,0.075,IF(B92=24,0.075,0))))))) -> 0 | M92: =IFERROR(VLOOKUP($A:$A,[2]liste!$A:$Z,5,FALSE),"") -> 1-SUPPLEMENT | N92: =IFERROR(VLOOKUP($A:$A,[2]liste!$A:$Z,6,FALSE),"") -> 1-TEINTURE | P92: =IFERROR(VLOOKUP($A:$A,[5]RÉSUMÉ!$A:$E,5,FALSE),"") -> 309
A93: 117-100 | C93: =IFERROR(VLOOKUP($A:$A,[2]liste!$A:$ZZ,24,FALSE),"") -> ECHINACEA Tincture organic | D93: =VLOOKUP(A:A,[2]liste!$A:$AG,33,FALSE) -> 697026231176 | E93: =VLOOKUP($A:$A,[3]SPECS!$A:$AW,22,FALSE) -> 100 ML | F93: =VLOOKUP(A:A,[3]SPECS!$A:$AF,27,FALSE) -> UNIT | G93: =VLOOKUP(A:A,'[4]AVA20'!$A:$C,3,FALSE) -> 20 | H93: =B93*G93*(1-(J93+K93)) -> 0 | J93: =IF(LEFT(N93,3)="4-T",0,IF(LEFT(N93,3)="3-P",0,IF(LEFT(N93,3)="7-T",0,IF(B93=6,0.075,IF(B93=12,0.075,IF(B93=18,0.075,IF(B93=24,0.075,0))))))) -> 0 | M93: =IFERROR(VLOOKUP($A:$A,[2]liste!$A:$Z,5,FALSE),"") -> 1-SUPPLEMENT | N93: =IFERROR(VLOOKUP($A:$A,[2]liste!$A:$Z,6,FALSE),"") -> 1-TEINTURE | P93: =IFERROR(VLOOKUP($A:$A,[5]RÉSUMÉ!$A:$E,5,FALSE),"") -> 310
A94: 186-100 | C94: =IFERROR(VLOOKUP($A:$A,[2]liste!$A:$ZZ,24,FALSE),"") -> RED RASPBERRY Tincture organic | D94: =VLOOKUP(A:A,[2]liste!$A:$AG,33,FALSE) -> 697026231862 | E94: =VLOOKUP($A:$A,[3]SPECS!$A:$AW,22,FALSE) -> 100 ML | F94: =VLOOKUP(A:A,[3]SPECS!$A:$AF,27,FALSE) -> UNIT | G94: =VLOOKUP(A:A,'[4]AVA20'!$A:$C,3,FALSE) -> 21.75 | H94: =B94*G94*(1-(J94+K94)) -> 0 | J94: =IF(LEFT(N94,3)="4-T",0,IF(LEFT(N94,3)="3-P",0,IF(LEFT(N94,3)="7-T",0,IF(B94=6,0.075,IF(B94=12,0.075,IF(B94=18,0.075,IF(B94=24,0.075,0))))))) -> 0 | M94: =IFERROR(VLOOKUP($A:$A,[2]liste!$A:$Z,5,FALSE),"") -> 1-SUPPLEMENT | N94: =IFERROR(VLOOKUP($A:$A,[2]liste!$A:$Z,6,FALSE),"") -> 1-TEINTURE | P94: =IFERROR(VLOOKUP($A:$A,[5]RÉSUMÉ!$A:$E,5,FALSE),"") -> 311
A95: 114-100 | C95: =IFERROR(VLOOKUP($A:$A,[2]liste!$A:$ZZ,24,FALSE),"") -> GINSENG Tincture organic | D95: =VLOOKUP(A:A,[2]liste!$A:$AG,33,FALSE) -> 697026231145 | E95: =VLOOKUP($A:$A,[3]SPECS!$A:$AW,22,FALSE) -> 100 ML | F95: =VLOOKUP(A:A,[3]SPECS!$A:$AF,27,FALSE) -> UNIT | G95: =VLOOKUP(A:A,'[4]AVA20'!$A:$C,3,FALSE) -> 33 | H95: =B95*G95*(1-(J95+K95)) -> 0 | J95: =IF(LEFT(N95,3)="4-T",0,IF(LEFT(N95,3)="3-P",0,IF(LEFT(N95,3)="7-T",0,IF(B95=6,0.075,IF(B95=12,0.075,IF(B95=18,0.075,IF(B95=24,0.075,0))))))) -> 0 | M95: =IFERROR(VLOOKUP($A:$A,[2]liste!$A:$Z,5,FALSE),"") -> 1-SUPPLEMENT | N95: =IFERROR(VLOOKUP($A:$A,[2]liste!$A:$Z,6,FALSE),"") -> 1-TEINTURE | P95: =IFERROR(VLOOKUP($A:$A,[5]RÉSUMÉ!$A:$E,5,FALSE),"") -> 312
... A111: 102-100 | C111: =IFERROR(VLOOKUP($A:$A,[2]liste!$A:$ZZ,24,FALSE),"") -> CHASTE TREE Tincture organic | D111: =VLOOKUP(A:A,[2]liste!$A:$AG,33,FALSE) -> 697026231022 | E111: =VLOOKUP($A:$A,[3]SPECS!$A:$AW,22,FALSE) -> 100 ML | F111: =VLOOKUP(A:A,[3]SPECS!$A:$AF,27,FALSE) -> UNIT | G111: =VLOOKUP(A:A,'[4]AVA20'!$A:$C,3,FALSE) -> 18.75 | H111: =B111*G111*(1-(J111+K111)) -> 0 | J111: =IF(LEFT(N111,3)="4-T",0,IF(LEFT(N111,3)="3-P",0,IF(LEFT(N111,3)="7-T",0,IF(B111=6,0.075,IF(B111=12,0.075,IF(B111=18,0.075,IF(B111=24,0.075,0))))))) -> 0 | M111: =IFERROR(VLOOKUP($A:$A,[2]liste!$A:$Z,5,FALSE),"") -> 1-SUPPLEMENT | N111: =IFERROR(VLOOKUP($A:$A,[2]liste!$A:$Z,6,FALSE),"") -> 1-TEINTURE | P111: =IFERROR(VLOOKUP($A:$A,[5]RÉSUMÉ!$A:$E,5,FALSE),"") -> 328
A112: 746-60 | C112: =IFERROR(VLOOKUP($A:$A,[2]liste!$A:$ZZ,24,FALSE),"") -> KIDS Syrup organic | D112: =VLOOKUP(A:A,[2]liste!$A:$AG,33,FALSE) -> 697026247467 | E112: =VLOOKUP($A:$A,[3]SPECS!$A:$AW,22,FALSE) -> 60 ML | F112: =VLOOKUP(A:A,[3]SPECS!$A:$AF,27,FALSE) -> UNIT | G112: =IFERROR(VLOOKUP(A112,'[4]AVA20'!$A:$ZZ,(MATCH($G$1,'[4]AVA20'!$2:$2,0)),FALSE),0) -> 15.25 | H112: =B112*G112*(1-(J112+K112)) -> 0 | J112: =IF(LEFT(M112,3)="4-T",0,IF(LEFT(M112,3)="3-P",0,IF(LEFT(M112,3)="7-T",0,IF(B112=6,0.075,IF(B112=12,0.075,IF(B112=18,0.075,IF(B112=24,0.075,0))))))) -> 0 | M112: =IFERROR(VLOOKUP($A:$A,[2]liste!$A:$Z,5,FALSE),"") -> 1-SUPPLEMENT | N112: =IFERROR(VLOOKUP($A:$A,[2]liste!$A:$Z,6,FALSE),"") -> 3-SIROP | P112: =IFERROR(VLOOKUP($A:$A,[5]RÉSUMÉ!$A:$E,5,FALSE),"") -> 3079
A113: 745-60 | C113: =IFERROR(VLOOKUP($A:$A,[2]liste!$A:$ZZ,24,FALSE),"") -> COUGH Syrup organic | D113: =VLOOKUP(A:A,[2]liste!$A:$AG,33,FALSE) -> 697026247450 | E113: =VLOOKUP($A:$A,[3]SPECS!$A:$AW,22,FALSE) -> 60 ML | F113: =VLOOKUP(A:A,[3]SPECS!$A:$AF,27,FALSE) -> UNIT | G113: =IFERROR(VLOOKUP(A113,'[4]AVA20'!$A:$ZZ,(MATCH($G$1,'[4]AVA20'!$2:$2,0)),FALSE),0) -> 15.25 | H113: =B113*G113*(1-(J113+K113)) -> 0 | J113: =IF(LEFT(M113,3)="4-T",0,IF(LEFT(M113,3)="3-P",0,IF(LEFT(M113,3)="7-T",0,IF(B113=6,0.075,IF(B113=12,0.075,IF(B113=18,0.075,IF(B113=24,0.075,0))))))) -> 0 | M113: =IFERROR(VLOOKUP($A:$A,[2]liste!$A:$Z,5,FALSE),"") -> 1-SUPPLEMENT | N113: =IFERROR(VLOOKUP($A:$A,[2]liste!$A:$Z,6,FALSE),"") -> 3-SIROP | P113: =IFERROR(VLOOKUP($A:$A,[5]RÉSUMÉ!$A:$E,5,FALSE),"") -> 3079
A114: 713-60 | C114: =IFERROR(VLOOKUP($A:$A,[2]liste!$A:$ZZ,24,FALSE),"") -> ECHINACEA PROPOLIS organic | D114: =VLOOKUP(A:A,[2]liste!$A:$AG,33,FALSE) -> 697026247139 | E114: =VLOOKUP($A:$A,[3]SPECS!$A:$AW,22,FALSE) -> 60 ML | F114: =VLOOKUP(A:A,[3]SPECS!$A:$AF,27,FALSE) -> UNIT | G114: =IFERROR(VLOOKUP(A114,'[4]AVA20'!$A:$ZZ,(MATCH($G$1,'[4]AVA20'!$2:$2,0)),FALSE),0) -> 15.25 | H114: =B114*G114*(1-(J114+K114)) -> 0 | J114: =IF(LEFT(M114,3)="4-T",0,IF(LEFT(M114,3)="3-P",0,IF(LEFT(M114,3)="7-T",0,IF(B114=6,0.075,IF(B114=12,0.075,IF(B114=18,0.075,IF(B114=24,0.075,0))))))) -> 0 | M114: =IFERROR(VLOOKUP($A:$A,[2]liste!$A:$Z,5,FALSE),"") -> 1-SUPPLEMENT | N114: =IFERROR(VLOOKUP($A:$A,[2]liste!$A:$Z,6,FALSE),"") -> 3-SIROP | P114: =IFERROR(VLOOKUP($A:$A,[5]RÉSUMÉ!$A:$E,5,FALSE),"") -> 3116
A115: 619-15 | C115: =IFERROR(VLOOKUP($A:$A,[2]liste!$A:$ZZ,24,FALSE),"") -> ARNICA Salve organic | D115: =VLOOKUP(A:A,[2]liste!$A:$AG,33,FALSE) -> 697026586191 | E115: =VLOOKUP($A:$A,[3]SPECS!$A:$AW,22,FALSE) -> 15 ML | F115: =VLOOKUP(A:A,[3]SPECS!$A:$AF,27,FALSE) -> UNIT | G115: =IFERROR(VLOOKUP(A115,'[4]AVA20'!$A:$ZZ,(MATCH($G$1,'[4]AVA20'!$2:$2,0)),FALSE),0) -> 6.55 | H115: =B115*G115*(1-(J115+K115)) -> 0 | J115: =IF(LEFT(M115,3)="4-T",0,IF(LEFT(M115,3)="3-P",0,IF(LEFT(M115,3)="7-T",0,IF(B115=6,0.075,IF(B115=12,0.075,IF(B115=18,0.075,IF(B115=24,0.075,0))))))) -> 0 | M115: =IFERROR(VLOOKUP($A:$A,[2]liste!$A:$Z,5,FALSE),"") -> z-disc | N115: =IFERROR(VLOOKUP($A:$A,[2]liste!$A:$Z,6,FALSE),"") -> z-disc | P115: =IFERROR(VLOOKUP($A:$A,[5]RÉSUMÉ!$A:$E,5,FALSE),"") -> 3109
A116: 619-50 | C116: =IFERROR(VLOOKUP($A:$A,[2]liste!$A:$ZZ,24,FALSE),"") -> ARNICA Salve organic | D116: =VLOOKUP(A:A,[2]liste!$A:$AG,33,FALSE) -> 697026516198 | E116: =VLOOKUP($A:$A,[3]SPECS!$A:$AW,22,FALSE) -> 50 ML | F116: =VLOOKUP(A:A,[3]SPECS!$A:$AF,27,FALSE) -> UNIT | G116: =IFERROR(VLOOKUP(A116,'[4]AVA20'!$A:$ZZ,(MATCH($G$1,'[4]AVA20'!$2:$2,0)),FALSE),0) -> 12.95 | H116: =B116*G116*(1-(J116+K116)) -> 0 | J116: =IF(LEFT(M116,3)="4-T",0,IF(LEFT(M116,3)="3-P",0,IF(LEFT(M116,3)="7-T",0,IF(B116=6,0.075,IF(B116=12,0.075,IF(B116=18,0.075,IF(B116=24,0.075,0))))))) -> 0 | M116: =IFERROR(VLOOKUP($A:$A,[2]liste!$A:$Z,5,FALSE),"") -> z-disc | N116: =IFERROR(VLOOKUP($A:$A,[2]liste!$A:$Z,6,FALSE),"") -> z-disc | P116: =IFERROR(VLOOKUP($A:$A,[5]RÉSUMÉ!$A:$E,5,FALSE),"") -> 3115
A117: 611-15 | C117: =IFERROR(VLOOKUP($A:$A,[2]liste!$A:$ZZ,24,FALSE),"") -> BIOBABY Salve organic | D117: =VLOOKUP(A:A,[2]liste!$A:$AG,33,FALSE) -> 697026586115 | E117: =VLOOKUP($A:$A,[3]SPECS!$A:$AW,22,FALSE) -> 15 ML | F117: =VLOOKUP(A:A,[3]SPECS!$A:$AF,27,FALSE) -> UNIT | G117: =IFERROR(VLOOKUP(A117,'[4]AVA20'!$A:$ZZ,(MATCH($G$1,'[4]AVA20'!$2:$2,0)),FALSE),0) -> 6.55 | H117: =B117*G117*(1-(J117+K117)) -> 0 | J117: =IF(LEFT(M117,3)="4-T",0,IF(LEFT(M117,3)="3-P",0,IF(LEFT(M117,3)="7-T",0,IF(B117=6,0.075,IF(B117=12,0.075,IF(B117=18,0.075,IF(B117=24,0.075,0))))))) -> 0 | M117: =IFERROR(VLOOKUP($A:$A,[2]liste!$A:$Z,5,FALSE),"") -> 1-SUPPLEMENT | N117: =IFERROR(VLOOKUP($A:$A,[2]liste!$A:$Z,6,FALSE),"") -> 5-ONGUENT | P117: =IFERROR(VLOOKUP($A:$A,[5]RÉSUMÉ!$A:$E,5,FALSE),"") -> 3110
A118: 611-50 | C118: =IFERROR(VLOOKUP($A:$A,[2]liste!$A:$ZZ,24,FALSE),"") -> BIOBABY Salve organic | D118: =VLOOKUP(A:A,[2]liste!$A:$AG,33,FALSE) -> 697026516112 | E118: =VLOOKUP($A:$A,[3]SPECS!$A:$AW,22,FALSE) -> 50 ML | F118: =VLOOKUP(A:A,[3]SPECS!$A:$AF,27,FALSE) -> UNIT | G118: =IFERROR(VLOOKUP(A118,'[4]AVA20'!$A:$ZZ,(MATCH($G$1,'[4]AVA20'!$2:$2,0)),FALSE),0) -> 12.95 | H118: =B118*G118*(1-(J118+K118)) -> 0 | J118: =IF(LEFT(M118,3)="4-T",0,IF(LEFT(M118,3)="3-P",0,IF(LEFT(M118,3)="7-T",0,IF(B118=6,0.075,IF(B118=12,0.075,IF(B118=18,0.075,IF(B118=24,0.075,0))))))) -> 0 | M118: =IFERROR(VLOOKUP($A:$A,[2]liste!$A:$Z,5,FALSE),"") -> 1-SUPPLEMENT | N118: =IFERROR(VLOOKUP($A:$A,[2]liste!$A:$Z,6,FALSE),"") -> 5-ONGUENT | P118: =IFERROR(VLOOKUP($A:$A,[5]RÉSUMÉ!$A:$E,5,FALSE),"") -> 3116
A119: 612-15 | C119: =IFERROR(VLOOKUP($A:$A,[2]liste!$A:$ZZ,24,FALSE),"") -> CALENDULA Salve organic | D119: =VLOOKUP(A:A,[2]liste!$A:$AG,33,FALSE) -> 697026586122 | E119: =VLOOKUP($A:$A,[3]SPECS!$A:$AW,22,FALSE) -> 15 ML | F119: =VLOOKUP(A:A,[3]SPECS!$A:$AF,27,FALSE) -> UNIT | G119: =IFERROR(VLOOKUP(A119,'[4]AVA20'!$A:$ZZ,(MATCH($G$1,'[4]AVA20'!$2:$2,0)),FALSE),0) -> 6.55 | H119: =B119*G119*(1-(J119+K119)) -> 0 | J119: =IF(LEFT(M119,3)="4-T",0,IF(LEFT(M119,3)="3-P",0,IF(LEFT(M119,3)="7-T",0,IF(B119=6,0.075,IF(B119=12,0.075,IF(B119=18,0.075,IF(B119=24,0.075,0))))))) -> 0 | M119: =IFERROR(VLOOKUP($A:$A,[2]liste!$A:$Z,5,FALSE),"") -> 1-SUPPLEMENT | N119: =IFERROR(VLOOKUP($A:$A,[2]liste!$A:$Z,6,FALSE),"") -> 5-ONGUENT | P119: =IFERROR(VLOOKUP($A:$A,[5]RÉSUMÉ!$A:$E,5,FALSE),"") -> 3111
A120: 612-50 | C120: =IFERROR(VLOOKUP($A:$A,[2]liste!$A:$ZZ,24,FALSE),"") -> CALENDULA Salve organic | D120: =VLOOKUP(A:A,[2]liste!$A:$AG,33,FALSE) -> 697026516129 | E120: =VLOOKUP($A:$A,[3]SPECS!$A:$AW,22,FALSE) -> 50 ML | F120: =VLOOKUP(A:A,[3]SPECS!$A:$AF,27,FALSE) -> UNIT | G120: =IFERROR(VLOOKUP(A120,'[4]AVA20'!$A:$ZZ,(MATCH($G$1,'[4]AVA20'!$2:$2,0)),FALSE),0) -> 12.95 | H120: =B120*G120*(1-(J120+K120)) -> 0 | J120: =IF(LEFT(M120,3)="4-T",0,IF(LEFT(M120,3)="3-P",0,IF(LEFT(M120,3)="7-T",0,IF(B120=6,0.075,IF(B120=12,0.075,IF(B120=18,0.075,IF(B120=24,0.075,0))))))) -> 0 | M120: =IFERROR(VLOOKUP($A:$A,[2]liste!$A:$Z,5,FALSE),"") -> 1-SUPPLEMENT | N120: =IFERROR(VLOOKUP($A:$A,[2]liste!$A:$Z,6,FALSE),"") -> 5-ONGUENT | P120: =IFERROR(VLOOKUP($A:$A,[5]RÉSUMÉ!$A:$E,5,FALSE),"") -> 3117
A121: 613-15 | C121: =IFERROR(VLOOKUP($A:$A,[2]liste!$A:$ZZ,24,FALSE),"") -> COMFREY Salve organic | D121: =VLOOKUP(A:A,[2]liste!$A:$AG,33,FALSE) -> 697026586139 | E121: =VLOOKUP($A:$A,[3]SPECS!$A:$AW,22,FALSE) -> 15 ML | F121: =VLOOKUP(A:A,[3]SPECS!$A:$AF,27,FALSE) -> UNIT | G121: =IFERROR(VLOOKUP(A121,'[4]AVA20'!$A:$ZZ,(MATCH($G$1,'[4]AVA20'!$2:$2,0)),FALSE),0) -> 6.55 | H121: =B121*G121*(1-(J121+K121)) -> 0 | J121: =IF(LEFT(M121,3)="4-T",0,IF(LEFT(M121,3)="3-P",0,IF(LEFT(M121,3)="7-T",0,IF(B121=6,0.075,IF(B121=12,0.075,IF(B121=18,0.075,IF(B121=24,0.075,0))))))) -> 0 | M121: =IFERROR(VLOOKUP($A:$A,[2]liste!$A:$Z,5,FALSE),"") -> 1-SUPPLEMENT | N121: =IFERROR(VLOOKUP($A:$A,[2]liste!$A:$Z,6,FALSE),"") -> 5-ONGUENT | P121: =IFERROR(VLOOKUP($A:$A,[5]RÉSUMÉ!$A:$E,5,FALSE),"") -> 3112
A122: 613-50 | C122: =IFERROR(VLOOKUP($A:$A,[2]liste!$A:$ZZ,24,FALSE),"") -> COMFREY Salve organic | D122: =VLOOKUP(A:A,[2]liste!$A:$AG,33,FALSE) -> 697026516136 | E122: =VLOOKUP($A:$A,[3]SPECS!$A:$AW,22,FALSE) -> 50 ML | F122: =VLOOKUP(A:A,[3]SPECS!$A:$AF,27,FALSE) -> UNIT | G122: =IFERROR(VLOOKUP(A122,'[4]AVA20'!$A:$ZZ,(MATCH($G$1,'[4]AVA20'!$2:$2,0)),FALSE),0) -> 12.95 | H122: =B122*G122*(1-(J122+K122)) -> 0 | J122: =IF(LEFT(M122,3)="4-T",0,IF(LEFT(M122,3)="3-P",0,IF(LEFT(M122,3)="7-T",0,IF(B122=6,0.075,IF(B122=12,0.075,IF(B122=18,0.075,IF(B122=24,0.075,0))))))) -> 0 | M122: =IFERROR(VLOOKUP($A:$A,[2]liste!$A:$Z,5,FALSE),"") -> 1-SUPPLEMENT | N122: =IFERROR(VLOOKUP($A:$A,[2]liste!$A:$Z,6,FALSE),"") -> 5-ONGUENT | P122: =IFERROR(VLOOKUP($A:$A,[5]RÉSUMÉ!$A:$E,5,FALSE),"") -> 3118
A123: 614-15 | C123: =IFERROR(VLOOKUP($A:$A,[2]liste!$A:$ZZ,24,FALSE),"") -> HERBAL Salve organic | D123: =VLOOKUP(A:A,[2]liste!$A:$AG,33,FALSE) -> 697026586146 | E123: =VLOOKUP($A:$A,[3]SPECS!$A:$AW,22,FALSE) -> 15 ML | F123: =VLOOKUP(A:A,[3]SPECS!$A:$AF,27,FALSE) -> UNIT | G123: =IFERROR(VLOOKUP(A123,'[4]AVA20'!$A:$ZZ,(MATCH($G$1,'[4]AVA20'!$2:$2,0)),FALSE),0) -> 6.55 | H123: =B123*G123*(1-(J123+K123)) -> 0 | J123: =IF(LEFT(M123,3)="4-T",0,IF(LEFT(M123,3)="3-P",0,IF(LEFT(M123,3)="7-T",0,IF(B123=6,0.075,IF(B123=12,0.075,IF(B123=18,0.075,IF(B123=24,0.075,0))))))) -> 0 | M123: =IFERROR(VLOOKUP($A:$A,[2]liste!$A:$Z,5,FALSE),"") -> 1-SUPPLEMENT | N123: =IFERROR(VLOOKUP($A:$A,[2]liste!$A:$Z,6,FALSE),"") -> 5-ONGUENT | P123: =IFERROR(VLOOKUP($A:$A,[5]RÉSUMÉ!$A:$E,5,FALSE),"") -> 3113
... A138: 385-60 | C138: =IFERROR(VLOOKUP($A:$A,[2]liste!$A:$ZZ,24,FALSE),"") -> FEMINATOP Capsules organic 60 | D138: =VLOOKUP(A:A,[2]liste!$A:$AG,33,FALSE) -> 697026603850 | E138: =VLOOKUP($A:$A,[3]SPECS!$A:$AW,22,FALSE) -> 280 | F138: =VLOOKUP(A:A,[3]SPECS!$A:$AF,27,FALSE) -> CS 4 | G138: =IFERROR(VLOOKUP(A138,'[4]AVA20'!$A:$ZZ,(MATCH($G$1,'[4]AVA20'!$2:$2,0)),FALSE),0) -> 8.75 | H138: =B138*G138*(1-(J138+K138)) -> 0 | J138: =IF(LEFT(M138,3)="4-T",0,IF(LEFT(M138,3)="3-P",0,IF(LEFT(M138,3)="7-T",0,IF(B138=6,0.075,IF(B138=12,0.075,IF(B138=18,0.075,IF(B138=24,0.075,0))))))) -> 0 | M138: =IFERROR(VLOOKUP($A:$A,[2]liste!$A:$Z,5,FALSE),"") -> 1-SUPPLEMENT | N138: =IFERROR(VLOOKUP($A:$A,[2]liste!$A:$Z,6,FALSE),"") -> 6-CAPSULES | P138: =IFERROR(VLOOKUP($A:$A,[5]RÉSUMÉ!$A:$E,5,FALSE),"") -> 3090
A139: 327-60 | C139: =IFERROR(VLOOKUP($A:$A,[2]liste!$A:$ZZ,24,FALSE),"") -> FENUGREEK Capsules organic 60 | D139: =VLOOKUP(A:A,[2]liste!$A:$AG,33,FALSE) -> 697026603270 | E139: =VLOOKUP($A:$A,[3]SPECS!$A:$AW,22,FALSE) -> 500 | F139: =VLOOKUP(A:A,[3]SPECS!$A:$AF,27,FALSE) -> CS 4 | G139: =IFERROR(VLOOKUP(A139,'[4]AVA20'!$A:$ZZ,(MATCH($G$1,'[4]AVA20'!$2:$2,0)),FALSE),0) -> 7.25 | H139: =B139*G139*(1-(J139+K139)) -> 0 | M139: =IFERROR(VLOOKUP($A:$A,[2]liste!$A:$Z,5,FALSE),"") -> 1-SUPPLEMENT | N139: =IFERROR(VLOOKUP($A:$A,[2]liste!$A:$Z,6,FALSE),"") -> 6-CAPSULES | P139: =IFERROR(VLOOKUP($A:$A,[5]RÉSUMÉ!$A:$E,5,FALSE),"") -> 3091
A140: 328-60 | C140: =IFERROR(VLOOKUP($A:$A,[2]liste!$A:$ZZ,24,FALSE),"") -> GINGER Capsules organic 60 | D140: =VLOOKUP(A:A,[2]liste!$A:$AG,33,FALSE) -> 697026603287 | E140: =VLOOKUP($A:$A,[3]SPECS!$A:$AW,22,FALSE) -> 275 | F140: =VLOOKUP(A:A,[3]SPECS!$A:$AF,27,FALSE) -> CS 4 | G140: =IFERROR(VLOOKUP(A140,'[4]AVA20'!$A:$ZZ,(MATCH($G$1,'[4]AVA20'!$2:$2,0)),FALSE),0) -> 7.25 | H140: =B140*G140*(1-(J140+K140)) -> 0 | M140: =IFERROR(VLOOKUP($A:$A,[2]liste!$A:$Z,5,FALSE),"") -> 1-SUPPLEMENT | N140: =IFERROR(VLOOKUP($A:$A,[2]liste!$A:$Z,6,FALSE),"") -> 6-CAPSULES
A141: 382-60 | C141: =IFERROR(VLOOKUP($A:$A,[2]liste!$A:$ZZ,24,FALSE),"") -> HEPATOP Capsules organic 60 | D141: =VLOOKUP(A:A,[2]liste!$A:$AG,33,FALSE) -> 697026603829 | E141: =VLOOKUP($A:$A,[3]SPECS!$A:$AW,22,FALSE) -> 280 | F141: =VLOOKUP(A:A,[3]SPECS!$A:$AF,27,FALSE) -> CS 4 | G141: =IFERROR(VLOOKUP(A141,'[4]AVA20'!$A:$ZZ,(MATCH($G$1,'[4]AVA20'!$2:$2,0)),FALSE),0) -> 7.25 | H141: =B141*G141*(1-(J141+K141)) -> 0 | M141: =IFERROR(VLOOKUP($A:$A,[2]liste!$A:$Z,5,FALSE),"") -> 1-SUPPLEMENT | N141: =IFERROR(VLOOKUP($A:$A,[2]liste!$A:$Z,6,FALSE),"") -> 6-CAPSULES | P141: =IFERROR(VLOOKUP($A:$A,[5]RÉSUMÉ!$A:$E,5,FALSE),"") -> 3085
A142: 387-60 | C142: =IFERROR(VLOOKUP($A:$A,[2]liste!$A:$ZZ,24,FALSE),"") -> HORMONATOP Capsules organic 60 | D142: =VLOOKUP(A:A,[2]liste!$A:$AG,33,FALSE) -> 697026603874 | E142: =VLOOKUP($A:$A,[3]SPECS!$A:$AW,22,FALSE) -> 265 | F142: =VLOOKUP(A:A,[3]SPECS!$A:$AF,27,FALSE) -> CS 4 | G142: =IFERROR(VLOOKUP(A142,'[4]AVA20'!$A:$ZZ,(MATCH($G$1,'[4]AVA20'!$2:$2,0)),FALSE),0) -> 8.25 | H142: =B142*G142*(1-(J142+K142)) -> 0 | M142: =IFERROR(VLOOKUP($A:$A,[2]liste!$A:$Z,5,FALSE),"") -> 1-SUPPLEMENT | N142: =IFERROR(VLOOKUP($A:$A,[2]liste!$A:$Z,6,FALSE),"") -> 6-CAPSULES | P142: =IFERROR(VLOOKUP($A:$A,[5]RÉSUMÉ!$A:$E,5,FALSE),"") -> 3094
A143: 326-60 | C143: =IFERROR(VLOOKUP($A:$A,[2]liste!$A:$ZZ,24,FALSE),"") -> GOLDENSEAL Capsules organic 60 | D143: =VLOOKUP(A:A,[2]liste!$A:$AG,33,FALSE) -> 697026603263 | E143: =VLOOKUP($A:$A,[3]SPECS!$A:$AW,22,FALSE) -> 300 | F143: =VLOOKUP(A:A,[3]SPECS!$A:$AF,27,FALSE) -> CS 4 | G143: =IFERROR(VLOOKUP(A143,'[4]AVA20'!$A:$ZZ,(MATCH($G$1,'[4]AVA20'!$2:$2,0)),FALSE),0) -> 27.95 | H143: =B143*G143*(1-(J143+K143)) -> 0 | M143: =IFERROR(VLOOKUP($A:$A,[2]liste!$A:$Z,5,FALSE),"") -> 1-SUPPLEMENT | N143: =IFERROR(VLOOKUP($A:$A,[2]liste!$A:$Z,6,FALSE),"") -> 6-CAPSULES | P143: =IFERROR(VLOOKUP($A:$A,[5]RÉSUMÉ!$A:$E,5,FALSE),"") -> 3095
A144: 397-60 | B144: 3 | C144: =IFERROR(VLOOKUP($A:$A,[2]liste!$A:$ZZ,24,FALSE),"") -> IMMUNOTOP Capsules organic 60 | D144: =VLOOKUP(A:A,[2]liste!$A:$AG,33,FALSE) -> 697026603973 | E144: =VLOOKUP($A:$A,[3]SPECS!$A:$AW,22,FALSE) -> 315 | F144: =VLOOKUP(A:A,[3]SPECS!$A:$AF,27,FALSE) -> CS 4 | G144: =IFERROR(VLOOKUP(A144,'[4]AVA20'!$A:$ZZ,(MATCH($G$1,'[4]AVA20'!$2:$2,0)),FALSE),0) -> 8.1 | H144: =B144*G144*(1-(J144+K144)) -> 24.3 | M144: =IFERROR(VLOOKUP($A:$A,[2]liste!$A:$Z,5,FALSE),"") -> 1-SUPPLEMENT | N144: =IFERROR(VLOOKUP($A:$A,[2]liste!$A:$Z,6,FALSE),"") -> 6-CAPSULES | P144: =IFERROR(VLOOKUP($A:$A,[5]RÉSUMÉ!$A:$E,5,FALSE),"") -> 3105
A145: 329-60 | C145: =IFERROR(VLOOKUP($A:$A,[2]liste!$A:$ZZ,24,FALSE),"") -> LEMON BALM Capsules organic 60 | D145: =VLOOKUP(A:A,[2]liste!$A:$AG,33,FALSE) -> 697026603294 | E145: =VLOOKUP($A:$A,[3]SPECS!$A:$AW,22,FALSE) -> 345 | F145: =VLOOKUP(A:A,[3]SPECS!$A:$AF,27,FALSE) -> CS 4 | G145: =IFERROR(VLOOKUP(A145,'[4]AVA20'!$A:$ZZ,(MATCH($G$1,'[4]AVA20'!$2:$2,0)),FALSE),0) -> 9.5 | H145: =B145*G145*(1-(J145+K145)) -> 0 | M145: =IFERROR(VLOOKUP($A:$A,[2]liste!$A:$Z,5,FALSE),"") -> 1-SUPPLEMENT | N145: =IFERROR(VLOOKUP($A:$A,[2]liste!$A:$Z,6,FALSE),"") -> 6-CAPSULES | P145: =IFERROR(VLOOKUP($A:$A,[5]RÉSUMÉ!$A:$E,5,FALSE),"") -> 3096
A146: 331-60 | C146: =IFERROR(VLOOKUP($A:$A,[2]liste!$A:$ZZ,24,FALSE),"") -> ST JOHN'S WORT Capsules organic 60 | D146: =VLOOKUP(A:A,[2]liste!$A:$AG,33,FALSE) -> 697026603317 | E146: =VLOOKUP($A:$A,[3]SPECS!$A:$AW,22,FALSE) -> 300 | F146: =VLOOKUP(A:A,[3]SPECS!$A:$AF,27,FALSE) -> CS 4 | G146: =IFERROR(VLOOKUP(A146,'[4]AVA20'!$A:$ZZ,(MATCH($G$1,'[4]AVA20'!$2:$2,0)),FALSE),0) -> 8.25 | H146: =B146*G146*(1-(J146+K146)) -> 0 | M146: =IFERROR(VLOOKUP($A:$A,[2]liste!$A:$Z,5,FALSE),"") -> 1-SUPPLEMENT | N146: =IFERROR(VLOOKUP($A:$A,[2]liste!$A:$Z,6,FALSE),"") -> 6-CAPSULES
A147: 389-60 | C147: =IFERROR(VLOOKUP($A:$A,[2]liste!$A:$ZZ,24,FALSE),"") -> NERVETOP Capsules organic 60 | D147: =VLOOKUP(A:A,[2]liste!$A:$AG,33,FALSE) -> 697026603898 | E147: =VLOOKUP($A:$A,[3]SPECS!$A:$AW,22,FALSE) -> 298 | F147: =VLOOKUP(A:A,[3]SPECS!$A:$AF,27,FALSE) -> CS 4 | G147: =IFERROR(VLOOKUP(A147,'[4]AVA20'!$A:$ZZ,(MATCH($G$1,'[4]AVA20'!$2:$2,0)),FALSE),0) -> 7.5 | H147: =B147*G147*(1-(J147+K147)) -> 0 | M147: =IFERROR(VLOOKUP($A:$A,[2]liste!$A:$Z,5,FALSE),"") -> 1-SUPPLEMENT | N147: =IFERROR(VLOOKUP($A:$A,[2]liste!$A:$Z,6,FALSE),"") -> 6-CAPSULES
A148: 340-60 | C148: =IFERROR(VLOOKUP($A:$A,[2]liste!$A:$ZZ,24,FALSE),"") -> NETTLE Capsules organic 60 | D148: =VLOOKUP(A:A,[2]liste!$A:$AG,33,FALSE) -> 697026603409 | E148: =VLOOKUP($A:$A,[3]SPECS!$A:$AW,22,FALSE) -> 290 | F148: =VLOOKUP(A:A,[3]SPECS!$A:$AF,27,FALSE) -> CS 4 | G148: =IFERROR(VLOOKUP(A148,'[4]AVA20'!$A:$ZZ,(MATCH($G$1,'[4]AVA20'!$2:$2,0)),FALSE),0) -> 6.1 | H148: =B148*G148*(1-(J148+K148)) -> 0 | M148: =IFERROR(VLOOKUP($A:$A,[2]liste!$A:$Z,5,FALSE),"") -> 1-SUPPLEMENT | N148: =IFERROR(VLOOKUP($A:$A,[2]liste!$A:$Z,6,FALSE),"") -> 6-CAPSULES
A149: 332-60 | C149: =IFERROR(VLOOKUP($A:$A,[2]liste!$A:$ZZ,24,FALSE),"") -> PASSIONFLOWER Capsules organic 60 | D149: =VLOOKUP(A:A,[2]liste!$A:$AG,33,FALSE) -> 697026603324 | E149: =VLOOKUP($A:$A,[3]SPECS!$A:$AW,22,FALSE) -> 270 | F149: =VLOOKUP(A:A,[3]SPECS!$A:$AF,27,FALSE) -> CS 4 | G149: =IFERROR(VLOOKUP(A149,'[4]AVA20'!$A:$ZZ,(MATCH($G$1,'[4]AVA20'!$2:$2,0)),FALSE),0) -> 8.75 | H149: =B149*G149*(1-(J149+K149)) -> 0 | M149: =IFERROR(VLOOKUP($A:$A,[2]liste!$A:$Z,5,FALSE),"") -> 1-SUPPLEMENT | N149: =IFERROR(VLOOKUP($A:$A,[2]liste!$A:$Z,6,FALSE),"") -> 6-CAPSULES
A150: 335-60 | C150: =IFERROR(VLOOKUP($A:$A,[2]liste!$A:$ZZ,24,FALSE),"") -> DANDELION Capsules organic 60 | D150: =VLOOKUP(A:A,[2]liste!$A:$AG,33,FALSE) -> 697026603355 | E150: =VLOOKUP($A:$A,[3]SPECS!$A:$AW,22,FALSE) -> 325 | F150: =VLOOKUP(A:A,[3]SPECS!$A:$AF,27,FALSE) -> CS 4 | G150: =IFERROR(VLOOKUP(A150,'[4]AVA20'!$A:$ZZ,(MATCH($G$1,'[4]AVA20'!$2:$2,0)),FALSE),0) -> 7.5 | H150: =B150*G150*(1-(J150+K150)) -> 0 | M150: =IFERROR(VLOOKUP($A:$A,[2]liste!$A:$Z,5,FALSE),"") -> 1-SUPPLEMENT | N150: =IFERROR(VLOOKUP($A:$A,[2]liste!$A:$Z,6,FALSE),"") -> 6-CAPSULES
A151: 321-60 | C151: =IFERROR(VLOOKUP($A:$A,[2]liste!$A:$ZZ,24,FALSE),"") -> PROSTATOP Capsules organic 60 | D151: =VLOOKUP(A:A,[2]liste!$A:$AG,33,FALSE) -> 697026603218 | E151: =VLOOKUP($A:$A,[3]SPECS!$A:$AW,22,FALSE) -> 350 | F151: =VLOOKUP(A:A,[3]SPECS!$A:$AF,27,FALSE) -> CS 4 | G151: =IFERROR(VLOOKUP(A151,'[4]AVA20'!$A:$ZZ,(MATCH($G$1,'[4]AVA20'!$2:$2,0)),FALSE),0) -> 8.1 | H151: =B151*G151*(1-(J151+K151)) -> 0 | M151: =IFERROR(VLOOKUP($A:$A,[2]liste!$A:$Z,5,FALSE),"") -> 1-SUPPLEMENT | N151: =IFERROR(VLOOKUP($A:$A,[2]liste!$A:$Z,6,FALSE),"") -> 6-CAPSULES
A152: 322-60 | C152: =IFERROR(VLOOKUP($A:$A,[2]liste!$A:$ZZ,24,FALSE),"") -> PURIFYTOP Capsules organic 60 | D152: =VLOOKUP(A:A,[2]liste!$A:$AG,33,FALSE) -> 697026603225 | E152: =VLOOKUP($A:$A,[3]SPECS!$A:$AW,22,FALSE) -> 315 | F152: =VLOOKUP(A:A,[3]SPECS!$A:$AF,27,FALSE) -> CS 4 | G152: =IFERROR(VLOOKUP(A152,'[4]AVA20'!$A:$ZZ,(MATCH($G$1,'[4]AVA20'!$2:$2,0)),FALSE),0) -> 7.25 | H152: =B152*G152*(1-(J152+K152)) -> 0 | M152: =IFERROR(VLOOKUP($A:$A,[2]liste!$A:$Z,5,FALSE),"") -> 1-SUPPLEMENT | N152: =IFERROR(VLOOKUP($A:$A,[2]liste!$A:$Z,6,FALSE),"") -> 6-CAPSULES
A153: 324-60 | C153: =IFERROR(VLOOKUP($A:$A,[2]liste!$A:$ZZ,24,FALSE),"") -> SINUSTOP Capsules organic 60 | D153: =VLOOKUP(A:A,[2]liste!$A:$AG,33,FALSE) -> 697026603249 | E153: =VLOOKUP($A:$A,[3]SPECS!$A:$AW,22,FALSE) -> 325 | F153: =VLOOKUP(A:A,[3]SPECS!$A:$AF,27,FALSE) -> CS 4 | G153: =IFERROR(VLOOKUP(A153,'[4]AVA20'!$A:$ZZ,(MATCH($G$1,'[4]AVA20'!$2:$2,0)),FALSE),0) -> 7.25 | H153: =B153*G153*(1-(J153+K153)) -> 0 | M153: =IFERROR(VLOOKUP($A:$A,[2]liste!$A:$Z,5,FALSE),"") -> 1-SUPPLEMENT | N153: =IFERROR(VLOOKUP($A:$A,[2]liste!$A:$Z,6,FALSE),"") -> 6-CAPSULES
A154: 336-60 | C154: =IFERROR(VLOOKUP($A:$A,[2]liste!$A:$ZZ,24,FALSE),"") -> VALERIAN Capsules organic 60 | D154: =VLOOKUP(A:A,[2]liste!$A:$AG,33,FALSE) -> 697026603362 | E154: =VLOOKUP($A:$A,[3]SPECS!$A:$AW,22,FALSE) -> 400 | F154: =VLOOKUP(A:A,[3]SPECS!$A:$AF,27,FALSE) -> CS 4 | G154: =IFERROR(VLOOKUP(A154,'[4]AVA20'!$A:$ZZ,(MATCH($G$1,'[4]AVA20'!$2:$2,0)),FALSE),0) -> 8.1 | H154: =B154*G154*(1-(J154+K154)) -> 0 | M154: =IFERROR(VLOOKUP($A:$A,[2]liste!$A:$Z,5,FALSE),"") -> 1-SUPPLEMENT | N154: =IFERROR(VLOOKUP($A:$A,[2]liste!$A:$Z,6,FALSE),"") -> 6-CAPSULES
A155: 334-60 | C155: =IFERROR(VLOOKUP($A:$A,[2]liste!$A:$ZZ,24,FALSE),"") -> CHASTE TREE Capsules organic 60 | D155: =VLOOKUP(A:A,[2]liste!$A:$AG,33,FALSE) -> 697026603348 | E155: =VLOOKUP($A:$A,[3]SPECS!$A:$AW,22,FALSE) -> 270 | F155: =VLOOKUP(A:A,[3]SPECS!$A:$AF,27,FALSE) -> CS 4 | G155: =IFERROR(VLOOKUP(A155,'[4]AVA20'!$A:$ZZ,(MATCH($G$1,'[4]AVA20'!$2:$2,0)),FALSE),0) -> 7.25 | H155: =B155*G155*(1-(J155+K155)) -> 0 | M155: =IFERROR(VLOOKUP($A:$A,[2]liste!$A:$Z,5,FALSE),"") -> 1-SUPPLEMENT | N155: =IFERROR(VLOOKUP($A:$A,[2]liste!$A:$Z,6,FALSE),"") -> 6-CAPSULES
A156: 401T | C156: =IFERROR(VLOOKUP($A:$A,[2]liste!$A:$ZZ,24,FALSE),"") -> YARROW organic Loose Tea | D156: =VLOOKUP(A:A,[2]liste!$A:$AG,33,FALSE) -> 697026774017 | E156: =VLOOKUP($A:$A,[3]SPECS!$A:$AW,22,FALSE) -> 50 GR | F156: =VLOOKUP(A:A,[3]SPECS!$A:$AF,27,FALSE) -> CS 6 | G156: =IFERROR(VLOOKUP(A156,'[4]AVA20'!$A:$ZZ,(MATCH($G$1,'[4]AVA20'!$2:$2,0)),FALSE),0) -> 4.5 | H156: =B156*G156*(1-(J156+K156)) -> 0 | M156: =IFERROR(VLOOKUP($A:$A,[2]liste!$A:$Z,5,FALSE),"") -> 1-SUPPLEMENT | N156: =IFERROR(VLOOKUP($A:$A,[2]liste!$A:$Z,6,FALSE),"") -> 7-TUBE | P156: =IFERROR(VLOOKUP($A:$A,[5]RÉSUMÉ!$A:$E,5,FALSE),"") -> 3121
A157: 496T | C157: =IFERROR(VLOOKUP($A:$A,[2]liste!$A:$ZZ,24,FALSE),"") -> ASHWAGANDHA organic Loose Tea | D157: =VLOOKUP(A:A,[2]liste!$A:$AG,33,FALSE) -> 697026774963 | E157: =VLOOKUP($A:$A,[3]SPECS!$A:$AW,22,FALSE) -> 100 GR | F157: =VLOOKUP(A:A,[3]SPECS!$A:$AF,27,FALSE) -> CS 6 | G157: =IFERROR(VLOOKUP(A157,'[4]AVA20'!$A:$ZZ,(MATCH($G$1,'[4]AVA20'!$2:$2,0)),FALSE),0) -> 5.9 | H157: =B157*G157*(1-(J157+K157)) -> 0 | M157: =IFERROR(VLOOKUP($A:$A,[2]liste!$A:$Z,5,FALSE),"") -> 1-SUPPLEMENT | N157: =IFERROR(VLOOKUP($A:$A,[2]liste!$A:$Z,6,FALSE),"") -> 7-TUBE | P157: =IFERROR(VLOOKUP($A:$A,[5]RÉSUMÉ!$A:$E,5,FALSE),"") -> 3122
A158: 508T | C158: =IFERROR(VLOOKUP($A:$A,[2]liste!$A:$ZZ,24,FALSE),"") -> ASTRAGALUS organic Loose Tea | D158: =VLOOKUP(A:A,[2]liste!$A:$AG,33,FALSE) -> 697026775083 | E158: =VLOOKUP($A:$A,[3]SPECS!$A:$AW,22,FALSE) -> 60 GR | F158: =VLOOKUP(A:A,[3]SPECS!$A:$AF,27,FALSE) -> CS 6 | G158: =IFERROR(VLOOKUP(A158,'[4]AVA20'!$A:$ZZ,(MATCH($G$1,'[4]AVA20'!$2:$2,0)),FALSE),0) -> 6.8 | H158: =B158*G158*(1-(J158+K158)) -> 0 | M158: =IFERROR(VLOOKUP($A:$A,[2]liste!$A:$Z,5,FALSE),"") -> 1-SUPPLEMENT | N158: =IFERROR(VLOOKUP($A:$A,[2]liste!$A:$Z,6,FALSE),"") -> 7-TUBE | P158: =IFERROR(VLOOKUP($A:$A,[5]RÉSUMÉ!$A:$E,5,FALSE),"") -> 3123
A159: 407T | C159: =IFERROR(VLOOKUP($A:$A,[2]liste!$A:$ZZ,24,FALSE),"") -> HAWTHORN BERRY organic Loose Tea | D159: =VLOOKUP(A:A,[2]liste!$A:$AG,33,FALSE) -> 697026774079 | E159: =VLOOKUP($A:$A,[3]SPECS!$A:$AW,22,FALSE) -> 125 GR | F159: =VLOOKUP(A:A,[3]SPECS!$A:$AF,27,FALSE) -> CS 6 | G159: =IFERROR(VLOOKUP(A159,'[4]AVA20'!$A:$ZZ,(MATCH($G$1,'[4]AVA20'!$2:$2,0)),FALSE),0) -> 10.05 | H159: =B159*G159*(1-(J159+K159)) -> 0 | M159: =IFERROR(VLOOKUP($A:$A,[2]liste!$A:$Z,5,FALSE),"") -> 1-SUPPLEMENT | N159: =IFERROR(VLOOKUP($A:$A,[2]liste!$A:$Z,6,FALSE),"") -> 7-TUBE | P159: =IFERROR(VLOOKUP($A:$A,[5]RÉSUMÉ!$A:$E,5,FALSE),"") -> 3124
A160: 408T | C160: =IFERROR(VLOOKUP($A:$A,[2]liste!$A:$ZZ,24,FALSE),"") -> HAWTHORN FLOWER organic Loose Tea | D160: =VLOOKUP(A:A,[2]liste!$A:$AG,33,FALSE) -> 697026774086 | E160: =VLOOKUP($A:$A,[3]SPECS!$A:$AW,22,FALSE) -> 35 GR | F160: =VLOOKUP(A:A,[3]SPECS!$A:$AF,27,FALSE) -> CS 6 | G160: =IFERROR(VLOOKUP(A160,'[4]AVA20'!$A:$ZZ,(MATCH($G$1,'[4]AVA20'!$2:$2,0)),FALSE),0) -> 4.1 | H160: =B160*G160*(1-(J160+K160)) -> 0 | M160: =IFERROR(VLOOKUP($A:$A,[2]liste!$A:$Z,5,FALSE),"") -> 1-SUPPLEMENT | N160: =IFERROR(VLOOKUP($A:$A,[2]liste!$A:$Z,6,FALSE),"") -> 7-TUBE | P160: =IFERROR(VLOOKUP($A:$A,[5]RÉSUMÉ!$A:$E,5,FALSE),"") -> 3125
A161: 409T | C161: =IFERROR(VLOOKUP($A:$A,[2]liste!$A:$ZZ,24,FALSE),"") -> GREEN OATSTRAW organic Loose Tea | D161: =VLOOKUP(A:A,[2]liste!$A:$AG,33,FALSE) -> 697026774093 | E161: =VLOOKUP($A:$A,[3]SPECS!$A:$AW,22,FALSE) -> 60 GR | F161: =VLOOKUP(A:A,[3]SPECS!$A:$AF,27,FALSE) -> CS 6 | G161: =IFERROR(VLOOKUP(A161,'[4]AVA20'!$A:$ZZ,(MATCH($G$1,'[4]AVA20'!$2:$2,0)),FALSE),0) -> 7.7 | H161: =B161*G161*(1-(J161+K161)) -> 0 | M161: =IFERROR(VLOOKUP($A:$A,[2]liste!$A:$Z,5,FALSE),"") -> 1-SUPPLEMENT | N161: =IFERROR(VLOOKUP($A:$A,[2]liste!$A:$Z,6,FALSE),"") -> 7-TUBE | P161: =IFERROR(VLOOKUP($A:$A,[5]RÉSUMÉ!$A:$E,5,FALSE),"") -> 3126
A162: 410T | C162: =IFERROR(VLOOKUP($A:$A,[2]liste!$A:$ZZ,24,FALSE),"") -> BURDOCK ROOT organic Loose Tea | D162: =VLOOKUP(A:A,[2]liste!$A:$AG,33,FALSE) -> 697026774109 | E162: =VLOOKUP($A:$A,[3]SPECS!$A:$AW,22,FALSE) -> 120 GR | F162: =VLOOKUP(A:A,[3]SPECS!$A:$AF,27,FALSE) -> CS 6 | G162: =IFERROR(VLOOKUP(A162,'[4]AVA20'!$A:$ZZ,(MATCH($G$1,'[4]AVA20'!$2:$2,0)),FALSE),0) -> 13.25 | H162: =B162*G162*(1-(J162+K162)) -> 0 | M162: =IFERROR(VLOOKUP($A:$A,[2]liste!$A:$Z,5,FALSE),"") -> 1-SUPPLEMENT | N162: =IFERROR(VLOOKUP($A:$A,[2]liste!$A:$Z,6,FALSE),"") -> 7-TUBE | P162: =IFERROR(VLOOKUP($A:$A,[5]RÉSUMÉ!$A:$E,5,FALSE),"") -> 3127
A163: 351T | C163: =IFERROR(VLOOKUP($A:$A,[2]liste!$A:$ZZ,24,FALSE),"") -> BASIL LEAF organic Loose Tea | D163: =VLOOKUP(A:A,[2]liste!$A:$AG,33,FALSE) -> 697026773515 | E163: =VLOOKUP($A:$A,[3]SPECS!$A:$AW,22,FALSE) -> 60 GR | F163: =VLOOKUP(A:A,[3]SPECS!$A:$AF,27,FALSE) -> CS 6 | G163: =IFERROR(VLOOKUP(A163,'[4]AVA20'!$A:$ZZ,(MATCH($G$1,'[4]AVA20'!$2:$2,0)),FALSE),0) -> 4.4 | H163: =B163*G163*(1-(J163+K163)) -> 0 | M163: =IFERROR(VLOOKUP($A:$A,[2]liste!$A:$Z,5,FALSE),"") -> 1-SUPPLEMENT | N163: =IFERROR(VLOOKUP($A:$A,[2]liste!$A:$Z,6,FALSE),"") -> 7-TUBE | P163: =IFERROR(VLOOKUP($A:$A,[5]RÉSUMÉ!$A:$E,5,FALSE),"") -> 3128
A164: 544T | C164: =IFERROR(VLOOKUP($A:$A,[2]liste!$A:$ZZ,24,FALSE),"") -> HOLY BASIL organic Loose Tea | D164: =VLOOKUP(A:A,[2]liste!$A:$AG,33,FALSE) -> 697026775441 | E164: =VLOOKUP($A:$A,[3]SPECS!$A:$AW,22,FALSE) -> 50 GR | F164: =VLOOKUP(A:A,[3]SPECS!$A:$AF,27,FALSE) -> CS 6 | G164: =IFERROR(VLOOKUP(A164,'[4]AVA20'!$A:$ZZ,(MATCH($G$1,'[4]AVA20'!$2:$2,0)),FALSE),0) -> 10.5 | H164: =B164*G164*(1-(J164+K164)) -> 0 | M164: =IFERROR(VLOOKUP($A:$A,[2]liste!$A:$Z,5,FALSE),"") -> 1-SUPPLEMENT | N164: =IFERROR(VLOOKUP($A:$A,[2]liste!$A:$Z,6,FALSE),"") -> 7-TUBE
A165: 416T | C165: =IFERROR(VLOOKUP($A:$A,[2]liste!$A:$ZZ,24,FALSE),"") -> CALENDULA organic Loose Tea | D165: =VLOOKUP(A:A,[2]liste!$A:$AG,33,FALSE) -> 697026774161 | E165: =VLOOKUP($A:$A,[3]SPECS!$A:$AW,22,FALSE) -> 30 GR | F165: =VLOOKUP(A:A,[3]SPECS!$A:$AF,27,FALSE) -> CS 6 | G165: =IFERROR(VLOOKUP(A165,'[4]AVA20'!$A:$ZZ,(MATCH($G$1,'[4]AVA20'!$2:$2,0)),FALSE),0) -> 4.8 | H165: =B165*G165*(1-(J165+K165)) -> 0 | M165: =IFERROR(VLOOKUP($A:$A,[2]liste!$A:$Z,5,FALSE),"") -> 1-SUPPLEMENT | N165: =IFERROR(VLOOKUP($A:$A,[2]liste!$A:$Z,6,FALSE),"") -> 7-TUBE | P165: =IFERROR(VLOOKUP($A:$A,[5]RÉSUMÉ!$A:$E,5,FALSE),"") -> 3130
A166: 417T | C166: =IFERROR(VLOOKUP($A:$A,[2]liste!$A:$ZZ,24,FALSE),"") -> CHAMOMILE organic Loose Tea | D166: =VLOOKUP(A:A,[2]liste!$A:$AG,33,FALSE) -> 697026774178 | E166: =VLOOKUP($A:$A,[3]SPECS!$A:$AW,22,FALSE) -> 40 GR | F166: =VLOOKUP(A:A,[3]SPECS!$A:$AF,27,FALSE) -> CS 6 | G166: =IFERROR(VLOOKUP(A166,'[4]AVA20'!$A:$ZZ,(MATCH($G$1,'[4]AVA20'!$2:$2,0)),FALSE),0) -> 6.5 | H166: =B166*G166*(1-(J166+K166)) -> 0 | M166: =IFERROR(VLOOKUP($A:$A,[2]liste!$A:$Z,5,FALSE),"") -> 1-SUPPLEMENT | N166: =IFERROR(VLOOKUP($A:$A,[2]liste!$A:$Z,6,FALSE),"") -> 7-TUBE | P166: =IFERROR(VLOOKUP($A:$A,[5]RÉSUMÉ!$A:$E,5,FALSE),"") -> 3131
A167: 352T | C167: =IFERROR(VLOOKUP($A:$A,[2]liste!$A:$ZZ,24,FALSE),"") -> CINNAMON organic Loose Powder | D167: =VLOOKUP(A:A,[2]liste!$A:$AG,33,FALSE) -> 697026773522 | E167: =VLOOKUP($A:$A,[3]SPECS!$A:$AW,22,FALSE) -> 80 GR | F167: =VLOOKUP(A:A,[3]SPECS!$A:$AF,27,FALSE) -> CS 6 | G167: =IFERROR(VLOOKUP(A167,'[4]AVA20'!$A:$ZZ,(MATCH($G$1,'[4]AVA20'!$2:$2,0)),FALSE),0) -> 7.75 | H167: =B167*G167*(1-(J167+K167)) -> 0 | M167: =IFERROR(VLOOKUP($A:$A,[2]liste!$A:$Z,5,FALSE),"") -> 1-SUPPLEMENT | N167: =IFERROR(VLOOKUP($A:$A,[2]liste!$A:$Z,6,FALSE),"") -> 7-TUBE
A168: 419T | C168: =IFERROR(VLOOKUP($A:$A,[2]liste!$A:$ZZ,24,FALSE),"") -> CATNIP organic Loose Tea | D168: =VLOOKUP(A:A,[2]liste!$A:$AG,33,FALSE) -> 697026774192 | E168: =VLOOKUP($A:$A,[3]SPECS!$A:$AW,22,FALSE) -> 40 GR | F168: =VLOOKUP(A:A,[3]SPECS!$A:$AF,27,FALSE) -> CS 6 | G168: =IFERROR(VLOOKUP(A168,'[4]AVA20'!$A:$ZZ,(MATCH($G$1,'[4]AVA20'!$2:$2,0)),FALSE),0) -> 7.95 | H168: =B168*G168*(1-(J168+K168)) -> 0 | M168: =IFERROR(VLOOKUP($A:$A,[2]liste!$A:$Z,5,FALSE),"") -> 1-SUPPLEMENT | N168: =IFERROR(VLOOKUP($A:$A,[2]liste!$A:$Z,6,FALSE),"") -> 7-TUBE | P168: =IFERROR(VLOOKUP($A:$A,[5]RÉSUMÉ!$A:$E,5,FALSE),"") -> 3133
A169: 423T | C169: =IFERROR(VLOOKUP($A:$A,[2]liste!$A:$ZZ,24,FALSE),"") -> MILK THISTLE organic Loose Seed | D169: =VLOOKUP(A:A,[2]liste!$A:$AG,33,FALSE) -> 697026774239 | E169: =VLOOKUP($A:$A,[3]SPECS!$A:$AW,22,FALSE) -> 120 GR | F169: =VLOOKUP(A:A,[3]SPECS!$A:$AF,27,FALSE) -> CS 6 | G169: =IFERROR(VLOOKUP(A169,'[4]AVA20'!$A:$ZZ,(MATCH($G$1,'[4]AVA20'!$2:$2,0)),FALSE),0) -> 8.5 | H169: =B169*G169*(1-(J169+K169)) -> 0 | M169: =IFERROR(VLOOKUP($A:$A,[2]liste!$A:$Z,5,FALSE),"") -> 1-SUPPLEMENT | N169: =IFERROR(VLOOKUP($A:$A,[2]liste!$A:$Z,6,FALSE),"") -> 7-TUBE | P169: =IFERROR(VLOOKUP($A:$A,[5]RÉSUMÉ!$A:$E,5,FALSE),"") -> 3134
A170: 536T | C170: =IFERROR(VLOOKUP($A:$A,[2]liste!$A:$ZZ,24,FALSE),"") -> CUMIN organic Loose Seed | D170: =VLOOKUP(A:A,[2]liste!$A:$AG,33,FALSE) -> 697026775366 | E170: =VLOOKUP($A:$A,[3]SPECS!$A:$AW,22,FALSE) -> 120 GR | F170: =VLOOKUP(A:A,[3]SPECS!$A:$AF,27,FALSE) -> CS 6 | G170: =IFERROR(VLOOKUP(A170,'[4]AVA20'!$A:$ZZ,(MATCH($G$1,'[4]AVA20'!$2:$2,0)),FALSE),0) -> 6 | H170: =B170*G170*(1-(J170+K170)) -> 0 | M170: =IFERROR(VLOOKUP($A:$A,[2]liste!$A:$Z,5,FALSE),"") -> 1-SUPPLEMENT | N170: =IFERROR(VLOOKUP($A:$A,[2]liste!$A:$Z,6,FALSE),"") -> 7-TUBE | P170: =IFERROR(VLOOKUP($A:$A,[5]RÉSUMÉ!$A:$E,5,FALSE),"") -> 3135
A171: 375T | C171: =IFERROR(VLOOKUP($A:$A,[2]liste!$A:$ZZ,24,FALSE),"") -> TURMERIC organic Loose Powder | D171: =VLOOKUP(A:A,[2]liste!$A:$AG,33,FALSE) -> 697026773751 | E171: =VLOOKUP($A:$A,[3]SPECS!$A:$AW,22,FALSE) -> 150 GR | F171: =VLOOKUP(A:A,[3]SPECS!$A:$AF,27,FALSE) -> CS 6 | G171: =IFERROR(VLOOKUP(A171,'[4]AVA20'!$A:$ZZ,(MATCH($G$1,'[4]AVA20'!$2:$2,0)),FALSE),0) -> 5.95 | H171: =B171*G171*(1-(J171+K171)) -> 0 | M171: =IFERROR(VLOOKUP($A:$A,[2]liste!$A:$Z,5,FALSE),"") -> 1-SUPPLEMENT | N171: =IFERROR(VLOOKUP($A:$A,[2]liste!$A:$Z,6,FALSE),"") -> 7-TUBE | P171: =IFERROR(VLOOKUP($A:$A,[5]RÉSUMÉ!$A:$E,5,FALSE),"") -> 3136
A172: 436T | C172: =IFERROR(VLOOKUP($A:$A,[2]liste!$A:$ZZ,24,FALSE),"") -> FENNEL organic Loose Seed | D172: =VLOOKUP(A:A,[2]liste!$A:$AG,33,FALSE) -> 697026774369 | E172: =VLOOKUP($A:$A,[3]SPECS!$A:$AW,22,FALSE) -> 120 GR | F172: =VLOOKUP(A:A,[3]SPECS!$A:$AF,27,FALSE) -> CS 6 | G172: =IFERROR(VLOOKUP(A172,'[4]AVA20'!$A:$ZZ,(MATCH($G$1,'[4]AVA20'!$2:$2,0)),FALSE),0) -> 5.55 | H172: =B172*G172*(1-(J172+K172)) -> 0 | M172: =IFERROR(VLOOKUP($A:$A,[2]liste!$A:$Z,5,FALSE),"") -> 1-SUPPLEMENT | N172: =IFERROR(VLOOKUP($A:$A,[2]liste!$A:$Z,6,FALSE),"") -> 7-TUBE | P172: =IFERROR(VLOOKUP($A:$A,[5]RÉSUMÉ!$A:$E,5,FALSE),"") -> 3137
A173: 506T | C173: =IFERROR(VLOOKUP($A:$A,[2]liste!$A:$ZZ,24,FALSE),"") -> FENUGREEK WHOLE organic Loose Tea | D173: =VLOOKUP(A:A,[2]liste!$A:$AG,33,FALSE) -> 697026775069 | E173: =VLOOKUP($A:$A,[3]SPECS!$A:$AW,22,FALSE) -> 150 GR | F173: =VLOOKUP(A:A,[3]SPECS!$A:$AF,27,FALSE) -> CS 6 | G173: =IFERROR(VLOOKUP(A173,'[4]AVA20'!$A:$ZZ,(MATCH($G$1,'[4]AVA20'!$2:$2,0)),FALSE),0) -> 7.5 | H173: =B173*G173*(1-(J173+K173)) -> 0 | M173: =IFERROR(VLOOKUP($A:$A,[2]liste!$A:$Z,5,FALSE),"") -> 1-SUPPLEMENT | N173: =IFERROR(VLOOKUP($A:$A,[2]liste!$A:$Z,6,FALSE),"") -> 7-TUBE | P173: =IFERROR(VLOOKUP($A:$A,[5]RÉSUMÉ!$A:$E,5,FALSE),"") -> 3138
A174: 437T | C174: =IFERROR(VLOOKUP($A:$A,[2]liste!$A:$ZZ,24,FALSE),"") -> RED RASPBERRY organic Loose Tea | D174: =VLOOKUP(A:A,[2]liste!$A:$AG,33,FALSE) -> 697026774376 | E174: =VLOOKUP($A:$A,[3]SPECS!$A:$AW,22,FALSE) -> 40 GR | F174: =VLOOKUP(A:A,[3]SPECS!$A:$AF,27,FALSE) -> CS 6 | G174: =IFERROR(VLOOKUP(A174,'[4]AVA20'!$A:$ZZ,(MATCH($G$1,'[4]AVA20'!$2:$2,0)),FALSE),0) -> 6 | H174: =B174*G174*(1-(J174+K174)) -> 0 | M174: =IFERROR(VLOOKUP($A:$A,[2]liste!$A:$Z,5,FALSE),"") -> 1-SUPPLEMENT | N174: =IFERROR(VLOOKUP($A:$A,[2]liste!$A:$Z,6,FALSE),"") -> 7-TUBE | P174: =IFERROR(VLOOKUP($A:$A,[5]RÉSUMÉ!$A:$E,5,FALSE),"") -> 3139
A175: 441T | C175: =IFERROR(VLOOKUP($A:$A,[2]liste!$A:$ZZ,24,FALSE),"") -> GINGER organic Loose Powder | D175: =VLOOKUP(A:A,[2]liste!$A:$AG,33,FALSE) -> 697026774413 | E175: =VLOOKUP($A:$A,[3]SPECS!$A:$AW,22,FALSE) -> 100 GR | F175: =VLOOKUP(A:A,[3]SPECS!$A:$AF,27,FALSE) -> CS 6 | G175: =IFERROR(VLOOKUP(A175,'[4]AVA20'!$A:$ZZ,(MATCH($G$1,'[4]AVA20'!$2:$2,0)),FALSE),0) -> 8.4 | H175: =B175*G175*(1-(J175+K175)) -> 0 | M175: =IFERROR(VLOOKUP($A:$A,[2]liste!$A:$Z,5,FALSE),"") -> 1-SUPPLEMENT | N175: =IFERROR(VLOOKUP($A:$A,[2]liste!$A:$Z,6,FALSE),"") -> 7-TUBE | P175: =IFERROR(VLOOKUP($A:$A,[5]RÉSUMÉ!$A:$E,5,FALSE),"") -> 3140
A176: 443T | C176: =IFERROR(VLOOKUP($A:$A,[2]liste!$A:$ZZ,24,FALSE),"") -> GINSENG organic Loose Tea | D176: =VLOOKUP(A:A,[2]liste!$A:$AG,33,FALSE) -> 697026774437 | E176: =VLOOKUP($A:$A,[3]SPECS!$A:$AW,22,FALSE) -> 30 GR | F176: =VLOOKUP(A:A,[3]SPECS!$A:$AF,27,FALSE) -> CS 6 | G176: =IFERROR(VLOOKUP(A176,'[4]AVA20'!$A:$ZZ,(MATCH($G$1,'[4]AVA20'!$2:$2,0)),FALSE),0) -> 19.5 | H176: =B176*G176*(1-(J176+K176)) -> 0 | M176: =IFERROR(VLOOKUP($A:$A,[2]liste!$A:$Z,5,FALSE),"") -> 1-SUPPLEMENT | N176: =IFERROR(VLOOKUP($A:$A,[2]liste!$A:$Z,6,FALSE),"") -> 7-TUBE | P176: =IFERROR(VLOOKUP($A:$A,[5]RÉSUMÉ!$A:$E,5,FALSE),"") -> 3141
A177: 445T | C177: =IFERROR(VLOOKUP($A:$A,[2]liste!$A:$ZZ,24,FALSE),"") -> MARSHMALLOW organic Loose Tea | D177: =VLOOKUP(A:A,[2]liste!$A:$AG,33,FALSE) -> 697026774451 | E177: =VLOOKUP($A:$A,[3]SPECS!$A:$AW,22,FALSE) -> 80 GR | F177: =VLOOKUP(A:A,[3]SPECS!$A:$AF,27,FALSE) -> CS 6 | G177: =IFERROR(VLOOKUP(A177,'[4]AVA20'!$A:$ZZ,(MATCH($G$1,'[4]AVA20'!$2:$2,0)),FALSE),0) -> 8.75 | H177: =B177*G177*(1-(J177+K177)) -> 0 | M177: =IFERROR(VLOOKUP($A:$A,[2]liste!$A:$Z,5,FALSE),"") -> 1-SUPPLEMENT | N177: =IFERROR(VLOOKUP($A:$A,[2]liste!$A:$Z,6,FALSE),"") -> 7-TUBE | P177: =IFERROR(VLOOKUP($A:$A,[5]RÉSUMÉ!$A:$E,5,FALSE),"") -> 3142
A178: 359T | C178: =IFERROR(VLOOKUP($A:$A,[2]liste!$A:$ZZ,24,FALSE),"") -> HIBISCUS organic Loose Tea | D178: =VLOOKUP(A:A,[2]liste!$A:$AG,33,FALSE) -> 697026773591 | E178: =VLOOKUP($A:$A,[3]SPECS!$A:$AW,22,FALSE) -> 75 GR | F178: =VLOOKUP(A:A,[3]SPECS!$A:$AF,27,FALSE) -> CS 6 | G178: =IFERROR(VLOOKUP(A178,'[4]AVA20'!$A:$ZZ,(MATCH($G$1,'[4]AVA20'!$2:$2,0)),FALSE),0) -> 5.1 | H178: =B178*G178*(1-(J178+K178)) -> 0 | M178: =IFERROR(VLOOKUP($A:$A,[2]liste!$A:$Z,5,FALSE),"") -> 1-SUPPLEMENT | N178: =IFERROR(VLOOKUP($A:$A,[2]liste!$A:$Z,6,FALSE),"") -> 7-TUBE | P178: =IFERROR(VLOOKUP($A:$A,[5]RÉSUMÉ!$A:$E,5,FALSE),"") -> 3143
A179: 513T | C179: =IFERROR(VLOOKUP($A:$A,[2]liste!$A:$ZZ,24,FALSE),"") -> LAVENDER organic Loose Tea | D179: =VLOOKUP(A:A,[2]liste!$A:$AG,33,FALSE) -> 697026775137 | E179: =VLOOKUP($A:$A,[3]SPECS!$A:$AW,22,FALSE) -> 50 GR | F179: =VLOOKUP(A:A,[3]SPECS!$A:$AF,27,FALSE) -> CS 6 | G179: =IFERROR(VLOOKUP(A179,'[4]AVA20'!$A:$ZZ,(MATCH($G$1,'[4]AVA20'!$2:$2,0)),FALSE),0) -> 9.25 | M179: =IFERROR(VLOOKUP($A:$A,[2]liste!$A:$Z,5,FALSE),"") -> 1-SUPPLEMENT | N179: =IFERROR(VLOOKUP($A:$A,[2]liste!$A:$Z,6,FALSE),"") -> 7-TUBE | P179: =IFERROR(VLOOKUP($A:$A,[5]RÉSUMÉ!$A:$E,5,FALSE),"") -> 3144
A180: 361T | C180: =IFERROR(VLOOKUP($A:$A,[2]liste!$A:$ZZ,24,FALSE),"") -> LEMON BALM organic Loose Tea | D180: =VLOOKUP(A:A,[2]liste!$A:$AG,33,FALSE) -> 697026773614 | E180: =VLOOKUP($A:$A,[3]SPECS!$A:$AW,22,FALSE) -> 35 GR | F180: =VLOOKUP(A:A,[3]SPECS!$A:$AF,27,FALSE) -> CS 6 | G180: =IFERROR(VLOOKUP(A180,'[4]AVA20'!$A:$ZZ,(MATCH($G$1,'[4]AVA20'!$2:$2,0)),FALSE),0) -> 7.75 | H180: =B180*G180*(1-(J180+K180)) -> 0 | M180: =IFERROR(VLOOKUP($A:$A,[2]liste!$A:$Z,5,FALSE),"") -> 1-SUPPLEMENT | N180: =IFERROR(VLOOKUP($A:$A,[2]liste!$A:$Z,6,FALSE),"") -> 7-TUBE | P180: =IFERROR(VLOOKUP($A:$A,[5]RÉSUMÉ!$A:$E,5,FALSE),"") -> 3145
A181: 525T | C181: =IFERROR(VLOOKUP($A:$A,[2]liste!$A:$ZZ,24,FALSE),"") -> SPEARMINT organic Loose Tea | D181: =VLOOKUP(A:A,[2]liste!$A:$AG,33,FALSE) -> 697026775250 | E181: =VLOOKUP($A:$A,[3]SPECS!$A:$AW,22,FALSE) -> 40 GR | F181: =VLOOKUP(A:A,[3]SPECS!$A:$AF,27,FALSE) -> CS 6 | G181: =IFERROR(VLOOKUP(A181,'[4]AVA20'!$A:$ZZ,(MATCH($G$1,'[4]AVA20'!$2:$2,0)),FALSE),0) -> 3.3 | H181: =B181*G181*(1-(J181+K181)) -> 0 | M181: =IFERROR(VLOOKUP($A:$A,[2]liste!$A:$Z,5,FALSE),"") -> 1-SUPPLEMENT | N181: =IFERROR(VLOOKUP($A:$A,[2]liste!$A:$Z,6,FALSE),"") -> 7-TUBE | P181: =IFERROR(VLOOKUP($A:$A,[5]RÉSUMÉ!$A:$E,5,FALSE),"") -> 3146
A182: 450T | C182: =IFERROR(VLOOKUP($A:$A,[2]liste!$A:$ZZ,24,FALSE),"") -> PEPPERMINT organic Loose Tea | D182: =VLOOKUP(A:A,[2]liste!$A:$AG,33,FALSE) -> 697026774505 | E182: =VLOOKUP($A:$A,[3]SPECS!$A:$AW,22,FALSE) -> 40 GR | F182: =VLOOKUP(A:A,[3]SPECS!$A:$AF,27,FALSE) -> CS 6 | G182: =IFERROR(VLOOKUP(A182,'[4]AVA20'!$A:$ZZ,(MATCH($G$1,'[4]AVA20'!$2:$2,0)),FALSE),0) -> 3.3 | H182: =B182*G182*(1-(J182+K182)) -> 0 | M182: =IFERROR(VLOOKUP($A:$A,[2]liste!$A:$Z,5,FALSE),"") -> 1-SUPPLEMENT | N182: =IFERROR(VLOOKUP($A:$A,[2]liste!$A:$Z,6,FALSE),"") -> 7-TUBE | P182: =IFERROR(VLOOKUP($A:$A,[5]RÉSUMÉ!$A:$E,5,FALSE),"") -> 3147
A183: 451T | C183: =IFERROR(VLOOKUP($A:$A,[2]liste!$A:$ZZ,24,FALSE),"") -> MULLEIN organic Loose Tea | D183: =VLOOKUP(A:A,[2]liste!$A:$AG,33,FALSE) -> 697026774512 | E183: =VLOOKUP($A:$A,[3]SPECS!$A:$AW,22,FALSE) -> 30 GR | F183: =VLOOKUP(A:A,[3]SPECS!$A:$AF,27,FALSE) -> CS 6 | G183: =IFERROR(VLOOKUP(A183,'[4]AVA20'!$A:$ZZ,(MATCH($G$1,'[4]AVA20'!$2:$2,0)),FALSE),0) -> 5.1 | H183: =B183*G183*(1-(J183+K183)) -> 0 | M183: =IFERROR(VLOOKUP($A:$A,[2]liste!$A:$Z,5,FALSE),"") -> 1-SUPPLEMENT | N183: =IFERROR(VLOOKUP($A:$A,[2]liste!$A:$Z,6,FALSE),"") -> 7-TUBE
A184: 456T | C184: =IFERROR(VLOOKUP($A:$A,[2]liste!$A:$ZZ,24,FALSE),"") -> SLIPPERY ELM organic Loose Powder | D184: =VLOOKUP(A:A,[2]liste!$A:$AG,33,FALSE) -> 697026774567 | E184: =VLOOKUP($A:$A,[3]SPECS!$A:$AW,22,FALSE) -> 60 GR | F184: =VLOOKUP(A:A,[3]SPECS!$A:$AF,27,FALSE) -> CS 6 | G184: =IFERROR(VLOOKUP(A184,'[4]AVA20'!$A:$ZZ,(MATCH($G$1,'[4]AVA20'!$2:$2,0)),FALSE),0) -> 11.75 | H184: =B184*G184*(1-(J184+K184)) -> 0 | M184: =IFERROR(VLOOKUP($A:$A,[2]liste!$A:$Z,5,FALSE),"") -> 1-SUPPLEMENT | N184: =IFERROR(VLOOKUP($A:$A,[2]liste!$A:$Z,6,FALSE),"") -> 7-TUBE | P184: =IFERROR(VLOOKUP($A:$A,[5]RÉSUMÉ!$A:$E,5,FALSE),"") -> 3149
A185: 457T | C185: =IFERROR(VLOOKUP($A:$A,[2]liste!$A:$ZZ,24,FALSE),"") -> NETTLE organic Loose Tea | D185: =VLOOKUP(A:A,[2]liste!$A:$AG,33,FALSE) -> 697026774574 | E185: =VLOOKUP($A:$A,[3]SPECS!$A:$AW,22,FALSE) -> 40 GR | F185: =VLOOKUP(A:A,[3]SPECS!$A:$AF,27,FALSE) -> CS 6 | G185: =IFERROR(VLOOKUP(A185,'[4]AVA20'!$A:$ZZ,(MATCH($G$1,'[4]AVA20'!$2:$2,0)),FALSE),0) -> 5.05 | H185: =B185*G185*(1-(J185+K185)) -> 0 | M185: =IFERROR(VLOOKUP($A:$A,[2]liste!$A:$Z,5,FALSE),"") -> 1-SUPPLEMENT | N185: =IFERROR(VLOOKUP($A:$A,[2]liste!$A:$Z,6,FALSE),"") -> 7-TUBE | P185: =IFERROR(VLOOKUP($A:$A,[5]RÉSUMÉ!$A:$E,5,FALSE),"") -> 3150
A186: 463T | C186: =IFERROR(VLOOKUP($A:$A,[2]liste!$A:$ZZ,24,FALSE),"") -> DANDELION organic Loose Tea | D186: =VLOOKUP(A:A,[2]liste!$A:$AG,33,FALSE) -> 697026774635 | E186: =VLOOKUP($A:$A,[3]SPECS!$A:$AW,22,FALSE) -> 80 GR | F186: =VLOOKUP(A:A,[3]SPECS!$A:$AF,27,FALSE) -> CS 6 | G186: =IFERROR(VLOOKUP(A186,'[4]AVA20'!$A:$ZZ,(MATCH($G$1,'[4]AVA20'!$2:$2,0)),FALSE),0) -> 7.95 | H186: =B186*G186*(1-(J186+K186)) -> 0 | M186: =IFERROR(VLOOKUP($A:$A,[2]liste!$A:$Z,5,FALSE),"") -> 1-SUPPLEMENT | N186: =IFERROR(VLOOKUP($A:$A,[2]liste!$A:$Z,6,FALSE),"") -> 7-TUBE | P186: =IFERROR(VLOOKUP($A:$A,[5]RÉSUMÉ!$A:$E,5,FALSE),"") -> 3151
A187: 369T | C187: =IFERROR(VLOOKUP($A:$A,[2]liste!$A:$ZZ,24,FALSE),"") -> BLACK PEPPER organic Loose Berry | D187: =VLOOKUP(A:A,[2]liste!$A:$AG,33,FALSE) -> 697026773690 | E187: =VLOOKUP($A:$A,[3]SPECS!$A:$AW,22,FALSE) -> 120 GR | F187: =VLOOKUP(A:A,[3]SPECS!$A:$AF,27,FALSE) -> CS 6 | G187: =IFERROR(VLOOKUP(A187,'[4]AVA20'!$A:$ZZ,(MATCH($G$1,'[4]AVA20'!$2:$2,0)),FALSE),0) -> 8.5 | H187: =B187*G187*(1-(J187+K187)) -> 0 | M187: =IFERROR(VLOOKUP($A:$A,[2]liste!$A:$Z,5,FALSE),"") -> 1-SUPPLEMENT | N187: =IFERROR(VLOOKUP($A:$A,[2]liste!$A:$Z,6,FALSE),"") -> 7-TUBE
A188: 530T | C188: =IFERROR(VLOOKUP($A:$A,[2]liste!$A:$ZZ,24,FALSE),"") -> HORSETAIL organic Loose Tea | D188: =VLOOKUP(A:A,[2]liste!$A:$AG,33,FALSE) -> 697026775304 | E188: =VLOOKUP($A:$A,[3]SPECS!$A:$AW,22,FALSE) -> 50 GR | F188: =VLOOKUP(A:A,[3]SPECS!$A:$AF,27,FALSE) -> CS 6 | G188: =IFERROR(VLOOKUP(A188,'[4]AVA20'!$A:$ZZ,(MATCH($G$1,'[4]AVA20'!$2:$2,0)),FALSE),0) -> 5.9 | H188: =B188*G188*(1-(J188+K188)) -> 0 | M188: =IFERROR(VLOOKUP($A:$A,[2]liste!$A:$Z,5,FALSE),"") -> 1-SUPPLEMENT | N188: =IFERROR(VLOOKUP($A:$A,[2]liste!$A:$Z,6,FALSE),"") -> 7-TUBE | P188: =IFERROR(VLOOKUP($A:$A,[5]RÉSUMÉ!$A:$E,5,FALSE),"") -> 3153
A189: 465T | C189: =IFERROR(VLOOKUP($A:$A,[2]liste!$A:$ZZ,24,FALSE),"") -> PSYLLIUM organic Loose Powder | D189: =VLOOKUP(A:A,[2]liste!$A:$AG,33,FALSE) -> 697026774659 | E189: =VLOOKUP($A:$A,[3]SPECS!$A:$AW,22,FALSE) -> 150 GR | F189: =VLOOKUP(A:A,[3]SPECS!$A:$AF,27,FALSE) -> CS 6 | G189: =IFERROR(VLOOKUP(A189,'[4]AVA20'!$A:$ZZ,(MATCH($G$1,'[4]AVA20'!$2:$2,0)),FALSE),0) -> 8.5 | H189: =B189*G189*(1-(J189+K189)) -> 0 | M189: =IFERROR(VLOOKUP($A:$A,[2]liste!$A:$Z,5,FALSE),"") -> 1-SUPPLEMENT | N189: =IFERROR(VLOOKUP($A:$A,[2]liste!$A:$Z,6,FALSE),"") -> 7-TUBE | P189: =IFERROR(VLOOKUP($A:$A,[5]RÉSUMÉ!$A:$E,5,FALSE),"") -> 3154
A190: 467T | C190: =IFERROR(VLOOKUP($A:$A,[2]liste!$A:$ZZ,24,FALSE),"") -> LICORICE organic Loose Tea | D190: =VLOOKUP(A:A,[2]liste!$A:$AG,33,FALSE) -> 697026774673 | E190: =VLOOKUP($A:$A,[3]SPECS!$A:$AW,22,FALSE) -> 100 GR | F190: =VLOOKUP(A:A,[3]SPECS!$A:$AF,27,FALSE) -> CS 6 | G190: =IFERROR(VLOOKUP(A190,'[4]AVA20'!$A:$ZZ,(MATCH($G$1,'[4]AVA20'!$2:$2,0)),FALSE),0) -> 6.6 | H190: =B190*G190*(1-(J190+K190)) -> 0 | M190: =IFERROR(VLOOKUP($A:$A,[2]liste!$A:$Z,5,FALSE),"") -> 1-SUPPLEMENT | N190: =IFERROR(VLOOKUP($A:$A,[2]liste!$A:$Z,6,FALSE),"") -> 7-TUBE | P190: =IFERROR(VLOOKUP($A:$A,[5]RÉSUMÉ!$A:$E,5,FALSE),"") -> 3155
A191: 487T | C191: =IFERROR(VLOOKUP($A:$A,[2]liste!$A:$ZZ,24,FALSE),"") -> REISHI organic Loose Tea | D191: =VLOOKUP(A:A,[2]liste!$A:$AG,33,FALSE) -> 697026774871 | E191: =VLOOKUP($A:$A,[3]SPECS!$A:$AW,22,FALSE) -> 40 GR | F191: =VLOOKUP(A:A,[3]SPECS!$A:$AF,27,FALSE) -> CS 6 | G191: =IFERROR(VLOOKUP(A191,'[4]AVA20'!$A:$ZZ,(MATCH($G$1,'[4]AVA20'!$2:$2,0)),FALSE),0) -> 5.6 | H191: =B191*G191*(1-(J191+K191)) -> 0 | M191: =IFERROR(VLOOKUP($A:$A,[2]liste!$A:$Z,5,FALSE),"") -> 1-SUPPLEMENT | N191: =IFERROR(VLOOKUP($A:$A,[2]liste!$A:$Z,6,FALSE),"") -> 7-TUBE | P191: =IFERROR(VLOOKUP($A:$A,[5]RÉSUMÉ!$A:$E,5,FALSE),"") -> 3156
A192: 370T | C192: =IFERROR(VLOOKUP($A:$A,[2]liste!$A:$ZZ,24,FALSE),"") -> ROSEMARY organic Loose Tea | D192: =VLOOKUP(A:A,[2]liste!$A:$AG,33,FALSE) -> 697026773706 | E192: =VLOOKUP($A:$A,[3]SPECS!$A:$AW,22,FALSE) -> 60 GR | F192: =VLOOKUP(A:A,[3]SPECS!$A:$AF,27,FALSE) -> CS 6 | G192: =IFERROR(VLOOKUP(A192,'[4]AVA20'!$A:$ZZ,(MATCH($G$1,'[4]AVA20'!$2:$2,0)),FALSE),0) -> 5.75 | H192: =B192*G192*(1-(J192+K192)) -> 0 | M192: =IFERROR(VLOOKUP($A:$A,[2]liste!$A:$Z,5,FALSE),"") -> 1-SUPPLEMENT | N192: =IFERROR(VLOOKUP($A:$A,[2]liste!$A:$Z,6,FALSE),"") -> 7-TUBE | P192: =IFERROR(VLOOKUP($A:$A,[5]RÉSUMÉ!$A:$E,5,FALSE),"") -> 3157
A193: 214T | C193: =IFERROR(VLOOKUP($A:$A,[2]liste!$A:$ZZ,24,FALSE),"") -> ROSE organic Loose Tea | D193: =VLOOKUP(A:A,[2]liste!$A:$AG,33,FALSE) -> 697026772143 | E193: =VLOOKUP($A:$A,[3]SPECS!$A:$AW,22,FALSE) -> 35 GR | F193: =VLOOKUP(A:A,[3]SPECS!$A:$AF,27,FALSE) -> CS 6 | G193: =IFERROR(VLOOKUP(A193,'[4]AVA20'!$A:$ZZ,(MATCH($G$1,'[4]AVA20'!$2:$2,0)),FALSE),0) -> 9.75 | H193: =B193*G193*(1-(J193+K193)) -> 0 | M193: =IFERROR(VLOOKUP($A:$A,[2]liste!$A:$Z,5,FALSE),"") -> 1-SUPPLEMENT | N193: =IFERROR(VLOOKUP($A:$A,[2]liste!$A:$Z,6,FALSE),"") -> 7-TUBE | P193: =IFERROR(VLOOKUP($A:$A,[5]RÉSUMÉ!$A:$E,5,FALSE),"") -> 3158
A194: 372T | C194: =IFERROR(VLOOKUP($A:$A,[2]liste!$A:$ZZ,24,FALSE),"") -> SAGE organic Loose Tea | D194: =VLOOKUP(A:A,[2]liste!$A:$AG,33,FALSE) -> 697026773720 | E194: =VLOOKUP($A:$A,[3]SPECS!$A:$AW,22,FALSE) -> 50 GR | F194: =VLOOKUP(A:A,[3]SPECS!$A:$AF,27,FALSE) -> CS 6 | G194: =IFERROR(VLOOKUP(A194,'[4]AVA20'!$A:$ZZ,(MATCH($G$1,'[4]AVA20'!$2:$2,0)),FALSE),0) -> 6.2 | H194: =B194*G194*(1-(J194+K194)) -> 0 | M194: =IFERROR(VLOOKUP($A:$A,[2]liste!$A:$Z,5,FALSE),"") -> 1-SUPPLEMENT | N194: =IFERROR(VLOOKUP($A:$A,[2]liste!$A:$Z,6,FALSE),"") -> 7-TUBE | P194: =IFERROR(VLOOKUP($A:$A,[5]RÉSUMÉ!$A:$E,5,FALSE),"") -> 3159
A195: 442T | C195: =IFERROR(VLOOKUP($A:$A,[2]liste!$A:$ZZ,24,FALSE),"") -> SCHISANDRA organic Loose Tea | D195: =VLOOKUP(A:A,[2]liste!$A:$AG,33,FALSE) -> 697026774420 | E195: =VLOOKUP($A:$A,[3]SPECS!$A:$AW,22,FALSE) -> 100 GR | F195: =VLOOKUP(A:A,[3]SPECS!$A:$AF,27,FALSE) -> CS 6 | G195: =IFERROR(VLOOKUP(A195,'[4]AVA20'!$A:$ZZ,(MATCH($G$1,'[4]AVA20'!$2:$2,0)),FALSE),0) -> 12.75 | H195: =B195*G195*(1-(J195+K195)) -> 0 | M195: =IFERROR(VLOOKUP($A:$A,[2]liste!$A:$Z,5,FALSE),"") -> 1-SUPPLEMENT | N195: =IFERROR(VLOOKUP($A:$A,[2]liste!$A:$Z,6,FALSE),"") -> 7-TUBE | P195: =IFERROR(VLOOKUP($A:$A,[5]RÉSUMÉ!$A:$E,5,FALSE),"") -> 3160
A196: 471T | C196: =IFERROR(VLOOKUP($A:$A,[2]liste!$A:$ZZ,24,FALSE),"") -> SKULLCAP organic Loose Tea | D196: =VLOOKUP(A:A,[2]liste!$A:$AG,33,FALSE) -> 697026774710 | E196: =VLOOKUP($A:$A,[3]SPECS!$A:$AW,22,FALSE) -> 45 GR | F196: =VLOOKUP(A:A,[3]SPECS!$A:$AF,27,FALSE) -> CS 6 | G196: =IFERROR(VLOOKUP(A196,'[4]AVA20'!$A:$ZZ,(MATCH($G$1,'[4]AVA20'!$2:$2,0)),FALSE),0) -> 9.85 | H196: =B196*G196*(1-(J196+K196)) -> 0 | M196: =IFERROR(VLOOKUP($A:$A,[2]liste!$A:$Z,5,FALSE),"") -> 1-SUPPLEMENT | N196: =IFERROR(VLOOKUP($A:$A,[2]liste!$A:$Z,6,FALSE),"") -> 7-TUBE | P196: =IFERROR(VLOOKUP($A:$A,[5]RÉSUMÉ!$A:$E,5,FALSE),"") -> 3161
A197: 472T | C197: =IFERROR(VLOOKUP($A:$A,[2]liste!$A:$ZZ,24,FALSE),"") -> ELDER BERRY organic Loose Tea | D197: =VLOOKUP(A:A,[2]liste!$A:$AG,33,FALSE) -> 697026774727 | E197: =VLOOKUP($A:$A,[3]SPECS!$A:$AW,22,FALSE) -> 150 GR | F197: =VLOOKUP(A:A,[3]SPECS!$A:$AF,27,FALSE) -> CS 6 | G197: =IFERROR(VLOOKUP(A197,'[4]AVA20'!$A:$ZZ,(MATCH($G$1,'[4]AVA20'!$2:$2,0)),FALSE),0) -> 11.5 | H197: =B197*G197*(1-(J197+K197)) -> 0 | M197: =IFERROR(VLOOKUP($A:$A,[2]liste!$A:$Z,5,FALSE),"") -> 1-SUPPLEMENT | N197: =IFERROR(VLOOKUP($A:$A,[2]liste!$A:$Z,6,FALSE),"") -> 7-TUBE | P197: =IFERROR(VLOOKUP($A:$A,[5]RÉSUMÉ!$A:$E,5,FALSE),"") -> 3162
...

Sheet Feuil2
A3: 6
A4: 12
A5: 18
A6: 24
A7: 30
A8: 36
A9: 42
A10: 48
A11: 54
A12: 60
A13: 66
A14: 72

Sheet Feuil1
